COD_DPTO;NOM_DPTO;COD_MPIO;NOM_MPIO;TIPO;LATITUD;LONGITUD
05;ANTIOQUIA;05001;MEDELLÍN;Municipio;6,257590259;-75,61103107
05;ANTIOQUIA;05002;ABEJORRAL;Municipio;5,803728154;-75,43847353
05;ANTIOQUIA;05004;ABRIAQUÍ;Municipio;6,627569378;-76,08597756
05;ANTIOQUIA;05021;ALEJANDRÍA;Municipio;6,365534125;-75,09059702
05;ANTIOQUIA;05030;AMAGÁ;Municipio;6,032921994;-75,7080031
05;ANTIOQUIA;05031;AMALFI;Municipio;6,977788843;-74,9812393
05;ANTIOQUIA;05034;ANDES;Municipio;5,604993248;-75,94128391
05;ANTIOQUIA;05036;ANGELÓPOLIS;Municipio;6,121430303;-75,71594966
05;ANTIOQUIA;05038;ANGOSTURA;Municipio;6,861498764;-75,358316
05;ANTIOQUIA;05040;ANORÍ;Municipio;7,193110778;-75,10848954
05;ANTIOQUIA;05042;SANTA FÉ DE ANTIOQUIA;Municipio;6,535711576;-75,90426658
05;ANTIOQUIA;05044;ANZÁ;Municipio;6,293546613;-75,91736927
05;ANTIOQUIA;05045;APARTADÓ;Municipio;7,86047815;-76,58236264
05;ANTIOQUIA;05051;ARBOLETES;Municipio;8,611395262;-76,41478317
05;ANTIOQUIA;05055;ARGELIA;Municipio;5,708114524;-75,09469795
05;ANTIOQUIA;05059;ARMENIA;Municipio;6,163683758;-75,80995528
05;ANTIOQUIA;05079;BARBOSA;Municipio;6,443417935;-75,32924085
05;ANTIOQUIA;05086;BELMIRA;Municipio;6,665853953;-75,68621659
05;ANTIOQUIA;05088;BELLO;Municipio;6,358841086;-75,58973588
05;ANTIOQUIA;05091;BETANIA;Municipio;5,727081285;-75,98689107
05;ANTIOQUIA;05093;BETULIA;Municipio;6,185783612;-75,95649246
05;ANTIOQUIA;05101;CIUDAD BOLÍVAR;Municipio;5,840995666;-76,01065253
05;ANTIOQUIA;05107;BRICEÑO;Municipio;7,111788462;-75,56223474
05;ANTIOQUIA;05113;BURITICÁ;Municipio;6,80906489;-75,91206595
05;ANTIOQUIA;05120;CÁCERES;Municipio;7,665155105;-75,22369744
05;ANTIOQUIA;05125;CAICEDO;Municipio;6,423463639;-75,99351498
05;ANTIOQUIA;05129;CALDAS;Municipio;6,054446841;-75,62642674
05;ANTIOQUIA;05134;CAMPAMENTO;Municipio;7,036017478;-75,28766178
05;ANTIOQUIA;05138;CAÑASGORDAS;Municipio;6,814950023;-76,02689632
05;ANTIOQUIA;05142;CARACOLÍ;Municipio;6,33797388;-74,73354817
05;ANTIOQUIA;05145;CARAMANTA;Municipio;5,555275296;-75,63082096
05;ANTIOQUIA;05147;CAREPA;Municipio;7,757967437;-76,64374657
05;ANTIOQUIA;05148;EL CARMEN DE VIBORAL;Municipio;5,978078841;-75,2635361
05;ANTIOQUIA;05150;CAROLINA;Municipio;6,754821442;-75,30590654
05;ANTIOQUIA;05154;CAUCASIA;Municipio;7,867941792;-75,03501824
05;ANTIOQUIA;05172;CHIGORODÓ;Municipio;7,631665644;-76,63964213
05;ANTIOQUIA;05190;CISNEROS;Municipio;6,550065431;-75,08254116
05;ANTIOQUIA;05197;COCORNÁ;Municipio;6,005593074;-75,16015403
05;ANTIOQUIA;05206;CONCEPCIÓN;Municipio;6,376106187;-75,21785901
05;ANTIOQUIA;05209;CONCORDIA;Municipio;6,057468678;-75,90014678
05;ANTIOQUIA;05212;COPACABANA;Municipio;6,351882893;-75,50075633
05;ANTIOQUIA;05234;DABEIBA;Municipio;6,992243782;-76,31426328
05;ANTIOQUIA;05237;DONMATÍAS;Municipio;6,492403905;-75,42227687
05;ANTIOQUIA;05240;EBÉJICO;Municipio;6,326444922;-75,78331175
05;ANTIOQUIA;05250;EL BAGRE;Municipio;7,704633351;-74,66427726
05;ANTIOQUIA;05264;ENTRERRÍOS;Municipio;6,594656004;-75,55913083
05;ANTIOQUIA;05266;ENVIGADO;Municipio;6,154394922;-75,54686779
05;ANTIOQUIA;05282;FREDONIA;Municipio;5,887702934;-75,67926242
05;ANTIOQUIA;05284;FRONTINO;Municipio;6,691364773;-76,33199656
05;ANTIOQUIA;05306;GIRALDO;Municipio;6,663095863;-75,94804663
05;ANTIOQUIA;05308;GIRARDOTA;Municipio;6,379745895;-75,44795744
05;ANTIOQUIA;05310;GÓMEZ PLATA;Municipio;6,709562839;-75,19270291
05;ANTIOQUIA;05313;GRANADA;Municipio;6,123380721;-75,12763646
05;ANTIOQUIA;05315;GUADALUPE;Municipio;6,861576325;-75,22591303
05;ANTIOQUIA;05318;GUARNE;Municipio;6,266625703;-75,43730801
05;ANTIOQUIA;05321;GUATAPÉ;Municipio;6,236329826;-75,15651272
05;ANTIOQUIA;05347;HELICONIA;Municipio;6,214511788;-75,74971002
05;ANTIOQUIA;05353;HISPANIA;Municipio;5,797039002;-75,90669203
05;ANTIOQUIA;05360;ITAGÜÍ;Municipio;6,179279438;-75,6142037
05;ANTIOQUIA;05361;ITUANGO;Municipio;7,341549718;-75,67842277
05;ANTIOQUIA;05364;JARDÍN;Municipio;5,574444339;-75,81842575
05;ANTIOQUIA;05368;JERICÓ;Municipio;5,769820536;-75,76488256
05;ANTIOQUIA;05376;LA CEJA;Municipio;5,992524843;-75,43086935
05;ANTIOQUIA;05380;LA ESTRELLA;Municipio;6,137595883;-75,64895499
05;ANTIOQUIA;05390;LA PINTADA;Municipio;5,746583958;-75,60220206
05;ANTIOQUIA;05400;LA UNIÓN;Municipio;5,940434685;-75,35429023
05;ANTIOQUIA;05411;LIBORINA;Municipio;6,723990935;-75,78300046
05;ANTIOQUIA;05425;MACEO;Municipio;6,534573585;-74,71410854
05;ANTIOQUIA;05440;MARINILLA;Municipio;6,18520515;-75,30487933
05;ANTIOQUIA;05467;MONTEBELLO;Municipio;5,916853903;-75,51972693
05;ANTIOQUIA;05475;MURINDÓ;Municipio;6,828773855;-76,70861349
05;ANTIOQUIA;05480;MUTATÁ;Municipio;7,329557848;-76,4630657
05;ANTIOQUIA;05483;NARIÑO;Municipio;5,581275312;-75,19457019
05;ANTIOQUIA;05490;NECOCLÍ;Municipio;8,493728551;-76,67699588
05;ANTIOQUIA;05495;NECHÍ;Municipio;7,983477394;-74,65844186
05;ANTIOQUIA;05501;OLAYA;Municipio;6,611418083;-75,77567097
05;ANTIOQUIA;05541;PEÑOL;Municipio;6,232396368;-75,22350906
05;ANTIOQUIA;05543;PEQUE;Municipio;7,044180058;-75,88968843
05;ANTIOQUIA;05576;PUEBLORRICO;Municipio;5,80970186;-75,86076667
05;ANTIOQUIA;05579;PUERTO BERRÍO;Municipio;6,481922267;-74,5287421
05;ANTIOQUIA;05585;PUERTO NARE;Municipio;6,126539139;-74,70317722
05;ANTIOQUIA;05591;PUERTO TRIUNFO;Municipio;5,954830151;-74,6861918
05;ANTIOQUIA;05604;REMEDIOS;Municipio;6,997267375;-74,55865652
05;ANTIOQUIA;05607;RETIRO;Municipio;6,053444254;-75,51573805
05;ANTIOQUIA;05615;RIONEGRO;Municipio;6,150785807;-75,41076052
05;ANTIOQUIA;05628;SABANALARGA;Municipio;6,901000506;-75,79222754
05;ANTIOQUIA;05631;SABANETA;Municipio;6,138305183;-75,60880599
05;ANTIOQUIA;05642;SALGAR;Municipio;5,970502334;-75,98137251
05;ANTIOQUIA;05647;SAN ANDRÉS DE CUERQUÍA;Municipio;6,918427233;-75,6657758
05;ANTIOQUIA;05649;SAN CARLOS;Municipio;6,193789659;-74,90732769
05;ANTIOQUIA;05652;SAN FRANCISCO;Municipio;5,840093731;-74,98176334
05;ANTIOQUIA;05656;SAN JERÓNIMO;Municipio;6,438300409;-75,70310727
05;ANTIOQUIA;05658;SAN JOSÉ DE LA MONTAÑA;Municipio;6,823258913;-75,67770826
05;ANTIOQUIA;05659;SAN JUAN DE URABÁ;Municipio;8,707141583;-76,53248234
05;ANTIOQUIA;05660;SAN LUIS;Municipio;6,024205956;-75,0076674
05;ANTIOQUIA;05664;SAN PEDRO DE LOS MILAGROS;Municipio;6,458666308;-75,5624839
05;ANTIOQUIA;05665;SAN PEDRO DE URABÁ;Municipio;8,37915695;-76,31664233
05;ANTIOQUIA;05667;SAN RAFAEL;Municipio;6,31074453;-74,99858652
05;ANTIOQUIA;05670;SAN ROQUE;Municipio;6,466165211;-74,9450732
05;ANTIOQUIA;05674;SAN VICENTE FERRER;Municipio;6,310387522;-75,32740163
05;ANTIOQUIA;05679;SANTA BÁRBARA;Municipio;5,878984956;-75,58330371
05;ANTIOQUIA;05686;SANTA ROSA DE OSOS;Municipio;6,675827825;-75,43814333
05;ANTIOQUIA;05690;SANTO DOMINGO;Municipio;6,481044132;-75,14260097
05;ANTIOQUIA;05697;EL SANTUARIO;Municipio;6,124209495;-75,25212278
05;ANTIOQUIA;05736;SEGOVIA;Municipio;7,26692339;-74,62163926
05;ANTIOQUIA;05756;SONSÓN;Municipio;5,826388779;-74,83637623
05;ANTIOQUIA;05761;SOPETRÁN;Municipio;6,520164552;-75,74580903
05;ANTIOQUIA;05789;TÁMESIS;Municipio;5,673758571;-75,70979974
05;ANTIOQUIA;05790;TARAZÁ;Municipio;7,488875998;-75,40189438
05;ANTIOQUIA;05792;TARSO;Municipio;5,871064557;-75,82871144
05;ANTIOQUIA;05809;TITIRIBÍ;Municipio;6,058349971;-75,79966005
05;ANTIOQUIA;05819;TOLEDO;Municipio;7,016397069;-75,71363382
05;ANTIOQUIA;05837;TURBO;Municipio;8,173851745;-76,5740377
05;ANTIOQUIA;05842;URAMITA;Municipio;6,913916924;-76,13318514
05;ANTIOQUIA;05847;URRAO;Municipio;6,33534134;-76,25906482
05;ANTIOQUIA;05854;VALDIVIA;Municipio;7,265404213;-75,40094502
05;ANTIOQUIA;05856;VALPARAÍSO;Municipio;5,651937802;-75,63083412
05;ANTIOQUIA;05858;VEGACHÍ;Municipio;6,836535122;-74,7540302
05;ANTIOQUIA;05861;VENECIA;Municipio;5,956576355;-75,77722423
05;ANTIOQUIA;05873;VIGÍA DEL FUERTE;Municipio;6,453351334;-76,69504802
05;ANTIOQUIA;05885;YALÍ;Municipio;6,716870679;-74,75565002
05;ANTIOQUIA;05887;YARUMAL;Municipio;6,9881309;-75,45439957
05;ANTIOQUIA;05890;YOLOMBÓ;Municipio;6,64442786;-75,02990266
05;ANTIOQUIA;05893;YONDÓ;Municipio;6,925159318;-74,15824041
05;ANTIOQUIA;05895;ZARAGOZA;Municipio;7,474004006;-74,85848326
08;ATLÁNTICO;08001;BARRANQUILLA;Municipio;10,98152051;-74,82771544
08;ATLÁNTICO;08078;BARANOA;Municipio;10,79329302;-74,92219491
08;ATLÁNTICO;08137;CAMPO DE LA CRUZ;Municipio;10,38405079;-74,88466039
08;ATLÁNTICO;08141;CANDELARIA;Municipio;10,48902047;-74,87756627
08;ATLÁNTICO;08296;GALAPA;Municipio;10,89771991;-74,88708788
08;ATLÁNTICO;08372;JUAN DE ACOSTA;Municipio;10,82306503;-75,07841904
08;ATLÁNTICO;08421;LURUACO;Municipio;10,63503116;-75,15402741
08;ATLÁNTICO;08433;MALAMBO;Municipio;10,84828864;-74,80617555
08;ATLÁNTICO;08436;MANATÍ;Municipio;10,45414555;-74,98477367
08;ATLÁNTICO;08520;PALMAR DE VARELA;Municipio;10,69481208;-74,7701509
08;ATLÁNTICO;08549;PIOJÓ;Municipio;10,74078959;-75,14366034
08;ATLÁNTICO;08558;POLONUEVO;Municipio;10,76740141;-74,85414844
08;ATLÁNTICO;08560;PONEDERA;Municipio;10,59465102;-74,79847316
08;ATLÁNTICO;08573;PUERTO COLOMBIA;Municipio;11,0044226;-74,9074058
08;ATLÁNTICO;08606;REPELÓN;Municipio;10,50757051;-75,12188053
08;ATLÁNTICO;08634;SABANAGRANDE;Municipio;10,79894015;-74,7687966
08;ATLÁNTICO;08638;SABANALARGA;Municipio;10,62250777;-74,95510542
08;ATLÁNTICO;08675;SANTA LUCÍA;Municipio;10,35364192;-74,96541179
08;ATLÁNTICO;08685;SANTO TOMÁS;Municipio;10,75562656;-74,78726468
08;ATLÁNTICO;08758;SOLEDAD;Municipio;10,9069066;-74,7784249
08;ATLÁNTICO;08770;SUAN;Municipio;10,31085035;-74,90713308
08;ATLÁNTICO;08832;TUBARÁ;Municipio;10,90721938;-74,98423293
08;ATLÁNTICO;08849;USIACURÍ;Municipio;10,74052266;-74,98267413
11;BOGOTÁ, D.C.;11001;BOGOTÁ, D.C.;Municipio;4,316107698;-74,1810727
13;BOLÍVAR;13001;CARTAGENA DE INDIAS;Municipio;10,46343362;-75,45889915
13;BOLÍVAR;13006;ACHÍ;Municipio;8,622943262;-74,47805945
13;BOLÍVAR;13030;ALTOS DEL ROSARIO;Municipio;8,757468863;-74,19515811
13;BOLÍVAR;13042;ARENAL;Municipio;8,362996158;-74,10301905
13;BOLÍVAR;13052;ARJONA;Municipio;10,16422123;-75,37121788
13;BOLÍVAR;13062;ARROYOHONDO;Municipio;10,24171805;-75,02690422
13;BOLÍVAR;13074;BARRANCO DE LOBA;Municipio;8,837077654;-74,27966531
13;BOLÍVAR;13140;CALAMAR;Municipio;10,15517098;-74,99995949
13;BOLÍVAR;13160;CANTAGALLO;Municipio;7,239229146;-74,10014043
13;BOLÍVAR;13188;CICUCO;Municipio;9,235268598;-74,68840962
13;BOLÍVAR;13212;CÓRDOBA;Municipio;9,540047515;-74,89445635
13;BOLÍVAR;13222;CLEMENCIA;Municipio;10,55663696;-75,31446653
13;BOLÍVAR;13244;EL CARMEN DE BOLÍVAR;Municipio;9,699819876;-75,15793573
13;BOLÍVAR;13248;EL GUAMO;Municipio;10,03483672;-74,92811072
13;BOLÍVAR;13268;EL PEÑÓN;Municipio;8,864818786;-73,91230147
13;BOLÍVAR;13300;HATILLO DE LOBA;Municipio;8,981717133;-74,09071902
13;BOLÍVAR;13430;MAGANGUÉ;Municipio;9,053135895;-74,70539318
13;BOLÍVAR;13433;MAHATES;Municipio;10,17821391;-75,17978161
13;BOLÍVAR;13440;MARGARITA;Municipio;9,054601889;-74,22584706
13;BOLÍVAR;13442;MARÍA LA BAJA;Municipio;9,976017168;-75,34380265
13;BOLÍVAR;13458;MONTECRISTO;Municipio;8,01710024;-74,46342911
13;BOLÍVAR;13468;SANTA CRUZ DE MOMPOX;Municipio;9,142512064;-74,54519906
13;BOLÍVAR;13473;MORALES;Municipio;8,253700061;-73,9713459
13;BOLÍVAR;13490;NOROSÍ;Municipio;8,50613476;-74,11588912
13;BOLÍVAR;13549;PINILLOS;Municipio;8,886315511;-74,40888476
13;BOLÍVAR;13580;REGIDOR;Municipio;8,672628558;-73,91450679
13;BOLÍVAR;13600;RÍO VIEJO;Municipio;8,559982465;-73,90298668
13;BOLÍVAR;13620;SAN CRISTÓBAL;Municipio;10,36972087;-75,07333835
13;BOLÍVAR;13647;SAN ESTANISLAO;Municipio;10,36468192;-75,20523487
13;BOLÍVAR;13650;SAN FERNANDO;Municipio;9,081483143;-74,37186647
13;BOLÍVAR;13654;SAN JACINTO;Municipio;9,835362011;-75,10609201
13;BOLÍVAR;13655;SAN JACINTO DEL CAUCA;Municipio;8,212463202;-74,75082
13;BOLÍVAR;13657;SAN JUAN NEPOMUCENO;Municipio;9,967957823;-75,06571959
13;BOLÍVAR;13667;SAN MARTÍN DE LOBA;Municipio;8,816088444;-74,00599967
13;BOLÍVAR;13670;SAN PABLO;Municipio;7,507922612;-74,10356977
13;BOLÍVAR;13673;SANTA CATALINA;Municipio;10,64981278;-75,26548463
13;BOLÍVAR;13683;SANTA ROSA;Municipio;10,46920726;-75,36116053
13;BOLÍVAR;13688;SANTA ROSA DEL SUR;Municipio;7,772519173;-74,26272843
13;BOLÍVAR;13744;SIMITÍ;Municipio;7,851315534;-73,98371609
13;BOLÍVAR;13760;SOPLAVIENTO;Municipio;10,33209031;-75,11699226
13;BOLÍVAR;13780;TALAIGUA NUEVO;Municipio;9,269516705;-74,58695233
13;BOLÍVAR;13810;TIQUISIO;Municipio;8,492345176;-74,29676139
13;BOLÍVAR;13836;TURBACO;Municipio;10,35310756;-75,37971541
13;BOLÍVAR;13838;TURBANÁ;Municipio;10,25276929;-75,43270299
13;BOLÍVAR;13873;VILLANUEVA;Municipio;10,4449132;-75,26736275
13;BOLÍVAR;13894;ZAMBRANO;Municipio;9,745147021;-74,88067037
15;BOYACÁ;15001;TUNJA;Municipio;5,518472615;-73,37801856
15;BOYACÁ;15022;ALMEIDA;Municipio;4,954825081;-73,38813425
15;BOYACÁ;15047;AQUITANIA;Municipio;5,437416373;-72,87149471
15;BOYACÁ;15051;ARCABUCO;Municipio;5,73526424;-73,42793109
15;BOYACÁ;15087;BELÉN;Municipio;6,005059265;-72,89369887
15;BOYACÁ;15090;BERBEO;Municipio;5,230936356;-73,12731944
15;BOYACÁ;15092;BETÉITIVA;Municipio;5,920858933;-72,84857876
15;BOYACÁ;15097;BOAVITA;Municipio;6,337515626;-72,62021239
15;BOYACÁ;15104;BOYACÁ;Municipio;5,439856216;-73,38136994
15;BOYACÁ;15106;BRICEÑO;Municipio;5,673229265;-73,92660705
15;BOYACÁ;15109;BUENAVISTA;Municipio;5,489399419;-73,95066255
15;BOYACÁ;15114;BUSBANZÁ;Municipio;5,843483731;-72,87574623
15;BOYACÁ;15131;CALDAS;Municipio;5,575990669;-73,88057508
15;BOYACÁ;15135;CAMPOHERMOSO;Municipio;5,006862536;-73,1446703
15;BOYACÁ;15162;CERINZA;Municipio;5,962013698;-72,96447288
15;BOYACÁ;15172;CHINAVITA;Municipio;5,202971639;-73,34048074
15;BOYACÁ;15176;CHIQUINQUIRÁ;Municipio;5,622488024;-73,80424531
15;BOYACÁ;15180;CHISCAS;Municipio;6,68911806;-72,41795675
15;BOYACÁ;15183;CHITA;Municipio;6,091468485;-72,43903174
15;BOYACÁ;15185;CHITARAQUE;Municipio;5,984394625;-73,42582375
15;BOYACÁ;15187;CHIVATÁ;Municipio;5,556830465;-73,26061715
15;BOYACÁ;15189;CIÉNEGA;Municipio;5,393059633;-73,28205772
15;BOYACÁ;15204;CÓMBITA;Municipio;5,667822366;-73,32137049
15;BOYACÁ;15212;COPER;Municipio;5,452461072;-74,05996578
15;BOYACÁ;15215;CORRALES;Municipio;5,82454582;-72,84544845
15;BOYACÁ;15218;COVARACHÍA;Municipio;6,519521476;-72,74020421
15;BOYACÁ;15223;CUBARÁ;Municipio;6,886954878;-72,18156285
15;BOYACÁ;15224;CUCAITA;Municipio;5,527104109;-73,44598646
15;BOYACÁ;15226;CUÍTIVA;Municipio;5,58775449;-72,93953686
15;BOYACÁ;15232;CHÍQUIZA;Municipio;5,643075648;-73,44562391
15;BOYACÁ;15236;CHIVOR;Municipio;4,871181606;-73,36142379
15;BOYACÁ;15238;DUITAMA;Municipio;5,890602515;-73,06709484
15;BOYACÁ;15244;EL COCUY;Municipio;6,353363177;-72,41923752
15;BOYACÁ;15248;EL ESPINO;Municipio;6,508240556;-72,48049625
15;BOYACÁ;15272;FIRAVITOBA;Municipio;5,67367659;-73,01983352
15;BOYACÁ;15276;FLORESTA;Municipio;5,85899211;-72,92499827
15;BOYACÁ;15293;GACHANTIVÁ;Municipio;5,744105975;-73,5426552
15;BOYACÁ;15296;GÁMEZA;Municipio;5,799050256;-72,72964765
15;BOYACÁ;15299;GARAGOA;Municipio;5,089466651;-73,31430272
15;BOYACÁ;15317;GUACAMAYAS;Municipio;6,445438546;-72,51635332
15;BOYACÁ;15322;GUATEQUE;Municipio;5,01450831;-73,48812352
15;BOYACÁ;15325;GUAYATÁ;Municipio;4,931424341;-73,49663372
15;BOYACÁ;15332;GÜICÁN DE LA SIERRA;Municipio;6,566991765;-72,25599334
15;BOYACÁ;15362;IZA;Municipio;5,617366016;-72,96986504
15;BOYACÁ;15367;JENESANO;Municipio;5,38916272;-73,40087021
15;BOYACÁ;15368;JERICÓ;Municipio;6,155633662;-72,58523093
15;BOYACÁ;15377;LABRANZAGRANDE;Municipio;5,541378132;-72,5903846
15;BOYACÁ;15380;LA CAPILLA;Municipio;5,113167102;-73,45923708
15;BOYACÁ;15401;LA VICTORIA;Municipio;5,507008121;-74,24162727
15;BOYACÁ;15403;LA UVITA;Municipio;6,265126191;-72,55551085
15;BOYACÁ;15407;VILLA DE LEYVA;Municipio;5,665762424;-73,514948
15;BOYACÁ;15425;MACANAL;Municipio;4,980176495;-73,29413695
15;BOYACÁ;15442;MARIPÍ;Municipio;5,569810633;-74,02003127
15;BOYACÁ;15455;MIRAFLORES;Municipio;5,150953297;-73,17896722
15;BOYACÁ;15464;MONGUA;Municipio;5,710937981;-72,63402875
15;BOYACÁ;15466;MONGUÍ;Municipio;5,697352228;-72,83298664
15;BOYACÁ;15469;MONIQUIRÁ;Municipio;5,863370485;-73,55852538
15;BOYACÁ;15476;MOTAVITA;Municipio;5,606192449;-73,37734267
15;BOYACÁ;15480;MUZO;Municipio;5,539429272;-74,11177139
15;BOYACÁ;15491;NOBSA;Municipio;5,778759851;-72,93268324
15;BOYACÁ;15494;NUEVO COLÓN;Municipio;5,354701485;-73,44873424
15;BOYACÁ;15500;OICATÁ;Municipio;5,610787844;-73,27991905
15;BOYACÁ;15507;OTANCHE;Municipio;5,753787787;-74,19719423
15;BOYACÁ;15511;PACHAVITA;Municipio;5,148323877;-73,39951219
15;BOYACÁ;15514;PÁEZ;Municipio;5,095211035;-73,00435863
15;BOYACÁ;15516;PAIPA;Municipio;5,762027786;-73,13777442
15;BOYACÁ;15518;PAJARITO;Municipio;5,382328949;-72,69672674
15;BOYACÁ;15522;PANQUEBA;Municipio;6,443299758;-72,46182431
15;BOYACÁ;15531;PAUNA;Municipio;5,688801559;-74,00504122
15;BOYACÁ;15533;PAYA;Municipio;5,621242742;-72,3692906
15;BOYACÁ;15537;PAZ DE RÍO;Municipio;6,030008561;-72,75988018
15;BOYACÁ;15542;PESCA;Municipio;5,498483324;-73,07837993
15;BOYACÁ;15550;PISBA;Municipio;5,768131812;-72,43993232
15;BOYACÁ;15572;PUERTO BOYACÁ;Municipio;5,953466654;-74,4528581
15;BOYACÁ;15580;QUÍPAMA;Municipio;5,595729831;-74,26857067
15;BOYACÁ;15599;RAMIRIQUÍ;Municipio;5,319934092;-73,310779
15;BOYACÁ;15600;RÁQUIRA;Municipio;5,496268621;-73,62894438
15;BOYACÁ;15621;RONDÓN;Municipio;5,379947879;-73,19650995
15;BOYACÁ;15632;SABOYÁ;Municipio;5,699926051;-73,74799466
15;BOYACÁ;15638;SÁCHICA;Municipio;5,573464882;-73,543102
15;BOYACÁ;15646;SAMACÁ;Municipio;5,47053997;-73,5211756
15;BOYACÁ;15660;SAN EDUARDO;Municipio;5,234614686;-73,04914067
15;BOYACÁ;15664;SAN JOSÉ DE PARE;Municipio;5,994154088;-73,54386522
15;BOYACÁ;15667;SAN LUIS DE GACENO;Municipio;4,798203543;-73,13397018
15;BOYACÁ;15673;SAN MATEO;Municipio;6,395388812;-72,55184862
15;BOYACÁ;15676;SAN MIGUEL DE SEMA;Municipio;5,532326922;-73,74715898
15;BOYACÁ;15681;SAN PABLO DE BORBUR;Municipio;5,677345066;-74,11403749
15;BOYACÁ;15686;SANTANA;Municipio;6,057614971;-73,48974828
15;BOYACÁ;15690;SANTA MARÍA;Municipio;4,823002556;-73,25377506
15;BOYACÁ;15693;SANTA ROSA DE VITERBO;Municipio;5,892950301;-72,9917278
15;BOYACÁ;15696;SANTA SOFÍA;Municipio;5,731602716;-73,60366287
15;BOYACÁ;15720;SATIVANORTE;Municipio;6,13211793;-72,73032415
15;BOYACÁ;15723;SATIVASUR;Municipio;6,083405978;-72,72410815
15;BOYACÁ;15740;SIACHOQUE;Municipio;5,498747701;-73,21681778
15;BOYACÁ;15753;SOATÁ;Municipio;6,323088045;-72,69604089
15;BOYACÁ;15755;SOCOTÁ;Municipio;5,906513772;-72,53646361
15;BOYACÁ;15757;SOCHA;Municipio;5,960498836;-72,68239784
15;BOYACÁ;15759;SOGAMOSO;Municipio;5,646672053;-72,8709565
15;BOYACÁ;15761;SOMONDOCO;Municipio;4,970974064;-73,42878785
15;BOYACÁ;15762;SORA;Municipio;5,580573191;-73,44371838
15;BOYACÁ;15763;SOTAQUIRÁ;Municipio;5,763010553;-73,24352232
15;BOYACÁ;15764;SORACÁ;Municipio;5,494890461;-73,31899997
15;BOYACÁ;15774;SUSACÓN;Municipio;6,215200578;-72,71575634
15;BOYACÁ;15776;SUTAMARCHÁN;Municipio;5,640030759;-73,62598773
15;BOYACÁ;15778;SUTATENZA;Municipio;5,030711335;-73,41224401
15;BOYACÁ;15790;TASCO;Municipio;5,882294313;-72,72626817
15;BOYACÁ;15798;TENZA;Municipio;5,071413139;-73,42479699
15;BOYACÁ;15804;TIBANÁ;Municipio;5,301116649;-73,3932521
15;BOYACÁ;15806;TIBASOSA;Municipio;5,747329389;-73,01114724
15;BOYACÁ;15808;TINJACÁ;Municipio;5,577566497;-73,67614572
15;BOYACÁ;15810;TIPACOQUE;Municipio;6,42035349;-72,69463583
15;BOYACÁ;15814;TOCA;Municipio;5,580254287;-73,1606969
15;BOYACÁ;15816;TOGÜÍ;Municipio;5,921830062;-73,48921806
15;BOYACÁ;15820;TÓPAGA;Municipio;5,765350303;-72,83672958
15;BOYACÁ;15822;TOTA;Municipio;5,501297215;-72,99633297
15;BOYACÁ;15832;TUNUNGUÁ;Municipio;5,720301516;-73,94330927
15;BOYACÁ;15835;TURMEQUÉ;Municipio;5,305697418;-73,50908714
15;BOYACÁ;15837;TUTA;Municipio;5,678126998;-73,17343053
15;BOYACÁ;15839;TUTAZÁ;Municipio;6,078051903;-72,85707832
15;BOYACÁ;15842;ÚMBITA;Municipio;5,217241368;-73,46338477
15;BOYACÁ;15861;VENTAQUEMADA;Municipio;5,383385481;-73,52097942
15;BOYACÁ;15879;VIRACACHÁ;Municipio;5,440558216;-73,26627456
15;BOYACÁ;15897;ZETAQUIRA;Municipio;5,285635983;-73,16763091
17;CALDAS;17001;MANIZALES;Municipio;5,08343301;-75,50727881
17;CALDAS;17013;AGUADAS;Municipio;5,616204006;-75,4554471
17;CALDAS;17042;ANSERMA;Municipio;5,20029922;-75,75289078
17;CALDAS;17050;ARANZAZU;Municipio;5,265539969;-75,47392619
17;CALDAS;17088;BELALCÁZAR;Municipio;4,99467728;-75,81225989
17;CALDAS;17174;CHINCHINÁ;Municipio;4,974340569;-75,65954686
17;CALDAS;17272;FILADELFIA;Municipio;5,285743777;-75,58978784
17;CALDAS;17380;LA DORADA;Municipio;5,410515691;-74,72114262
17;CALDAS;17388;LA MERCED;Municipio;5,393185716;-75,55791071
17;CALDAS;17433;MANZANARES;Municipio;5,23295391;-75,15263447
17;CALDAS;17442;MARMATO;Municipio;5,492632029;-75,60209955
17;CALDAS;17444;MARQUETALIA;Municipio;5,309142491;-75,04117892
17;CALDAS;17446;MARULANDA;Municipio;5,235585244;-75,28316648
17;CALDAS;17486;NEIRA;Municipio;5,183358589;-75,50692977
17;CALDAS;17495;NORCASIA;Municipio;5,638062349;-74,85492707
17;CALDAS;17513;PÁCORA;Municipio;5,500035035;-75,48245057
17;CALDAS;17524;PALESTINA;Municipio;5,050342543;-75,66176266
17;CALDAS;17541;PENSILVANIA;Municipio;5,407187836;-75,16683996
17;CALDAS;17614;RIOSUCIO;Municipio;5,442275418;-75,75220499
17;CALDAS;17616;RISARALDA;Municipio;5,097563816;-75,73335166
17;CALDAS;17653;SALAMINA;Municipio;5,370332425;-75,40962177
17;CALDAS;17662;SAMANÁ;Municipio;5,519692873;-74,99718577
17;CALDAS;17665;SAN JOSÉ;Municipio;5,083424513;-75,8101789
17;CALDAS;17777;SUPÍA;Municipio;5,45295802;-75,64035705
17;CALDAS;17867;VICTORIA;Municipio;5,447542859;-74,83622502
17;CALDAS;17873;VILLAMARÍA;Municipio;4,940211591;-75,43544014
17;CALDAS;17877;VITERBO;Municipio;5,047822054;-75,879297
18;CAQUETÁ;18001;FLORENCIA;Municipio;1,749138704;-75,55823906
18;CAQUETÁ;18029;ALBANIA;Municipio;1,22786549;-75,88232651
18;CAQUETÁ;18094;BELÉN DE LOS ANDAQUÍES;Municipio;1,536174657;-75,90947504
18;CAQUETÁ;18150;CARTAGENA DEL CHAIRÁ;Municipio;0,647693081;-74,27235499
18;CAQUETÁ;18205;CURILLO;Municipio;1,115379292;-75,97328452
18;CAQUETÁ;18247;EL DONCELLO;Municipio;1,713734697;-75,26878109
18;CAQUETÁ;18256;EL PAUJÍL;Municipio;1,476630016;-75,20231825
18;CAQUETÁ;18410;LA MONTAÑITA;Municipio;1,302860442;-75,23572732
18;CAQUETÁ;18460;MILÁN;Municipio;1,146692554;-75,38664764
18;CAQUETÁ;18479;MORELIA;Municipio;1,38299611;-75,67381123
18;CAQUETÁ;18592;PUERTO RICO;Municipio;2,018940891;-75,07308627
18;CAQUETÁ;18610;SAN JOSÉ DEL FRAGUA;Municipio;1,304702314;-76,11000594
18;CAQUETÁ;18753;SAN VICENTE DEL CAGUÁN;Municipio;1,308465061;-74,19746971
18;CAQUETÁ;18756;SOLANO;Municipio;0,096131862;-72,32036402
18;CAQUETÁ;18785;SOLITA;Municipio;0,943939454;-75,64668544
18;CAQUETÁ;18860;VALPARAÍSO;Municipio;1,07534915;-75,73779004
19;CAUCA;19001;POPAYÁN;Municipio;2,471704362;-76,59194419
19;CAUCA;19022;ALMAGUER;Municipio;1,912440521;-76,83494519
19;CAUCA;19050;ARGELIA;Municipio;2,329337283;-77,26314906
19;CAUCA;19075;BALBOA;Municipio;2,084732945;-77,2088133
19;CAUCA;19100;BOLÍVAR;Municipio;1,853951938;-76,96337454
19;CAUCA;19110;BUENOS AIRES;Municipio;2,988923885;-76,62158951
19;CAUCA;19130;CAJIBÍO;Municipio;2,643209848;-76,70138914
19;CAUCA;19137;CALDONO;Municipio;2,803845691;-76,42719377
19;CAUCA;19142;CALOTO;Municipio;3,062875557;-76,32127977
19;CAUCA;19212;CORINTO;Municipio;3,136753606;-76,20964569
19;CAUCA;19256;EL TAMBO;Municipio;2,534488312;-77,00511207
19;CAUCA;19290;FLORENCIA;Municipio;1,69453474;-77,08735723
19;CAUCA;19300;GUACHENÉ;Municipio;3,144389993;-76,39234811
19;CAUCA;19318;GUAPI;Municipio;2,41326696;-77,69047531
19;CAUCA;19355;INZÁ;Municipio;2,499058783;-76,13762531
19;CAUCA;19364;JAMBALÓ;Municipio;2,84981013;-76,31124919
19;CAUCA;19392;LA SIERRA;Municipio;2,187473572;-76,78228032
19;CAUCA;19397;LA VEGA;Municipio;2,053933426;-76,7588062
19;CAUCA;19418;LÓPEZ DE MICAY;Municipio;2,95819877;-77,24212158
19;CAUCA;19450;MERCADERES;Municipio;1,793825164;-77,18060381
19;CAUCA;19455;MIRANDA;Municipio;3,228235212;-76,21670827
19;CAUCA;19473;MORALES;Municipio;2,773663981;-76,74605152
19;CAUCA;19513;PADILLA;Municipio;3,194730618;-76,3362418
19;CAUCA;19517;PÁEZ;Municipio;2,733887702;-75,99368264
19;CAUCA;19532;PATÍA;Municipio;2,157983906;-77,0465762
19;CAUCA;19533;PIAMONTE;Municipio;1,054128816;-76,4443271
19;CAUCA;19548;PIENDAMÓ - TUNÍA;Municipio;2,702420026;-76,53770455
19;CAUCA;19573;PUERTO TEJADA;Municipio;3,266724205;-76,41846353
19;CAUCA;19585;PURACÉ;Municipio;2,262153618;-76,44826938
19;CAUCA;19622;ROSAS;Municipio;2,260421954;-76,74582033
19;CAUCA;19693;SAN SEBASTIÁN;Municipio;1,856261815;-76,71652424
19;CAUCA;19698;SANTANDER DE QUILICHAO;Municipio;2,984467338;-76,49873145
19;CAUCA;19701;SANTA ROSA;Municipio;1,52002179;-76,53876281
19;CAUCA;19743;SILVIA;Municipio;2,651291894;-76,35057356
19;CAUCA;19760;SOTARÁ PAISPAMBA;Municipio;2,231820541;-76,61146633
19;CAUCA;19780;SUÁREZ;Municipio;2,936865997;-76,7458243
19;CAUCA;19785;SUCRE;Municipio;2,057735184;-76,90993965
19;CAUCA;19807;TIMBÍO;Municipio;2,369625312;-76,71051932
19;CAUCA;19809;TIMBIQUÍ;Municipio;2,699475127;-77,49131577
19;CAUCA;19821;TORIBÍO;Municipio;2,975771999;-76,20331566
19;CAUCA;19824;TOTORÓ;Municipio;2,475213085;-76,39675937
19;CAUCA;19845;VILLA RICA;Municipio;3,180627317;-76,46445558
20;CESAR;20001;VALLEDUPAR;Municipio;10,21890277;-73,45784764
20;CESAR;20011;AGUACHICA;Municipio;8,248735219;-73,6227405
20;CESAR;20013;AGUSTÍN CODAZZI;Municipio;9,949215908;-73,22358244
20;CESAR;20032;ASTREA;Municipio;9,510727925;-73,94214641
20;CESAR;20045;BECERRIL;Municipio;9,727732939;-73,25250522
20;CESAR;20060;BOSCONIA;Municipio;9,946391309;-73,86628815
20;CESAR;20175;CHIMICHAGUA;Municipio;9,27797765;-73,84697903
20;CESAR;20178;CHIRIGUANÁ;Municipio;9,426648354;-73,54797894
20;CESAR;20228;CURUMANÍ;Municipio;9,238771332;-73,48810861
20;CESAR;20238;EL COPEY;Municipio;10,19995356;-73,91282064
20;CESAR;20250;EL PASO;Municipio;9,683474681;-73,73833778
20;CESAR;20295;GAMARRA;Municipio;8,337726622;-73,70649199
20;CESAR;20310;GONZÁLEZ;Municipio;8,405516522;-73,37537309
20;CESAR;20383;LA GLORIA;Municipio;8,588002247;-73,61602384
20;CESAR;20400;LA JAGUA DE IBIRICO;Municipio;9,52099808;-73,32249338
20;CESAR;20443;MANAURE BALCÓN DEL CESAR;Municipio;10,38027852;-73,00706275
20;CESAR;20517;PAILITAS;Municipio;8,938916143;-73,57247213
20;CESAR;20550;PELAYA;Municipio;8,764116734;-73,63295546
20;CESAR;20570;PUEBLO BELLO;Municipio;10,41736874;-73,61450632
20;CESAR;20614;RÍO DE ORO;Municipio;8,201070245;-73,48750127
20;CESAR;20621;LA PAZ;Municipio;10,24440562;-73,07824569
20;CESAR;20710;SAN ALBERTO;Municipio;7,769815987;-73,47218888
20;CESAR;20750;SAN DIEGO;Municipio;10,16952712;-73,2879827
20;CESAR;20770;SAN MARTÍN;Municipio;7,937788454;-73,54436312
20;CESAR;20787;TAMALAMEQUE;Municipio;8,902075012;-73,7633962
23;CÓRDOBA;23001;MONTERÍA;Municipio;8,584698016;-75,95055079
23;CÓRDOBA;23068;AYAPEL;Municipio;8,265768688;-75,04868436
23;CÓRDOBA;23079;BUENAVISTA;Municipio;8,191397953;-75,43382532
23;CÓRDOBA;23090;CANALETE;Municipio;8,7240958;-76,23779081
23;CÓRDOBA;23162;CERETÉ;Municipio;8,895667051;-75,87842391
23;CÓRDOBA;23168;CHIMÁ;Municipio;9,11024941;-75,65237351
23;CÓRDOBA;23182;CHINÚ;Municipio;9,053287104;-75,37387363
23;CÓRDOBA;23189;CIÉNAGA DE ORO;Municipio;8,841811894;-75,60779829
23;CÓRDOBA;23300;COTORRA;Municipio;9,071460219;-75,75459276
23;CÓRDOBA;23350;LA APARTADA;Municipio;8,052218422;-75,28816022
23;CÓRDOBA;23417;LORICA;Municipio;9,165034998;-75,90978124
23;CÓRDOBA;23419;LOS CÓRDOBAS;Municipio;8,823307063;-76,3430552
23;CÓRDOBA;23464;MOMIL;Municipio;9,265461621;-75,65090876
23;CÓRDOBA;23466;MONTELÍBANO;Municipio;7,866432635;-75,87533926
23;CÓRDOBA;23500;MOÑITOS;Municipio;9,190515343;-76,11931709
23;CÓRDOBA;23555;PLANETA RICA;Municipio;8,181108488;-75,68923803
23;CÓRDOBA;23570;PUEBLO NUEVO;Municipio;8,481339568;-75,40516154
23;CÓRDOBA;23574;PUERTO ESCONDIDO;Municipio;8,988667731;-76,19405912
23;CÓRDOBA;23580;PUERTO LIBERTADOR;Municipio;7,711515736;-75,77123224
23;CÓRDOBA;23586;PURÍSIMA DE LA CONCEPCIÓN;Municipio;9,282386127;-75,72129392
23;CÓRDOBA;23660;SAHAGÚN;Municipio;8,799007016;-75,42925664
23;CÓRDOBA;23670;SAN ANDRÉS DE SOTAVENTO;Municipio;9,121296353;-75,52091711
23;CÓRDOBA;23672;SAN ANTERO;Municipio;9,359667489;-75,78700252
23;CÓRDOBA;23675;SAN BERNARDO DEL VIENTO;Municipio;9,330098329;-75,97623858
23;CÓRDOBA;23678;SAN CARLOS;Municipio;8,706464263;-75,69251825
23;CÓRDOBA;23682;SAN JOSÉ DE URÉ;Municipio;7,753054395;-75,5672474
23;CÓRDOBA;23686;SAN PELAYO;Municipio;8,987777392;-75,90958771
23;CÓRDOBA;23807;TIERRALTA;Municipio;7,813896829;-76,16846678
23;CÓRDOBA;23815;TUCHÍN;Municipio;9,224630803;-75,54410593
23;CÓRDOBA;23855;VALENCIA;Municipio;8,219904128;-76,2213286
25;CUNDINAMARCA;25001;AGUA DE DIOS;Municipio;4,372744676;-74,67111051
25;CUNDINAMARCA;25019;ALBÁN;Municipio;4,891121638;-74,44278432
25;CUNDINAMARCA;25035;ANAPOIMA;Municipio;4,559962881;-74,5256953
25;CUNDINAMARCA;25040;ANOLAIMA;Municipio;4,789313614;-74,46194256
25;CUNDINAMARCA;25053;ARBELÁEZ;Municipio;4,232786985;-74,39576291
25;CUNDINAMARCA;25086;BELTRÁN;Municipio;4,791721105;-74,71491399
25;CUNDINAMARCA;25095;BITUIMA;Municipio;4,847821091;-74,52862766
25;CUNDINAMARCA;25099;BOJACÁ;Municipio;4,705576252;-74,3354077
25;CUNDINAMARCA;25120;CABRERA;Municipio;3,91861924;-74,44615606
25;CUNDINAMARCA;25123;CACHIPAY;Municipio;4,723063341;-74,45919528
25;CUNDINAMARCA;25126;CAJICÁ;Municipio;4,930402779;-74,02985115
25;CUNDINAMARCA;25148;CAPARRAPÍ;Municipio;5,381501399;-74,52123595
25;CUNDINAMARCA;25151;CÁQUEZA;Municipio;4,402259457;-73,94482435
25;CUNDINAMARCA;25154;CARMEN DE CARUPA;Municipio;5,338856556;-73,92614817
25;CUNDINAMARCA;25168;CHAGUANÍ;Municipio;4,95425175;-74,63090139
25;CUNDINAMARCA;25175;CHÍA;Municipio;4,857823671;-74,03809539
25;CUNDINAMARCA;25178;CHIPAQUE;Municipio;4,463746629;-74,04605246
25;CUNDINAMARCA;25181;CHOACHÍ;Municipio;4,578183896;-73,95290054
25;CUNDINAMARCA;25183;CHOCONTÁ;Municipio;5,118419271;-73,68068583
25;CUNDINAMARCA;25200;COGUA;Municipio;5,103127532;-73,97536559
25;CUNDINAMARCA;25214;COTA;Municipio;4,76754674;-74,1415583
25;CUNDINAMARCA;25224;CUCUNUBÁ;Municipio;5,230308105;-73,78001885
25;CUNDINAMARCA;25245;EL COLEGIO;Municipio;4,556947085;-74,42658478
25;CUNDINAMARCA;25258;EL PEÑÓN;Municipio;5,261728244;-74,30830564
25;CUNDINAMARCA;25260;EL ROSAL;Municipio;4,879723016;-74,23802273
25;CUNDINAMARCA;25269;FACATATIVÁ;Municipio;4,834052334;-74,3380229
25;CUNDINAMARCA;25279;FÓMEQUE;Municipio;4,528568462;-73,79705267
25;CUNDINAMARCA;25281;FOSCA;Municipio;4,316280072;-73,95286784
25;CUNDINAMARCA;25286;FUNZA;Municipio;4,743996711;-74,19865992
25;CUNDINAMARCA;25288;FÚQUENE;Municipio;5,416288902;-73,77059829
25;CUNDINAMARCA;25290;FUSAGASUGÁ;Municipio;4,323534028;-74,38859114
25;CUNDINAMARCA;25293;GACHALÁ;Municipio;4,65495513;-73,51055381
25;CUNDINAMARCA;25295;GACHANCIPÁ;Municipio;5,01001953;-73,87671759
25;CUNDINAMARCA;25297;GACHETÁ;Municipio;4,867551134;-73,61773287
25;CUNDINAMARCA;25299;GAMA;Municipio;4,723573464;-73,60054441
25;CUNDINAMARCA;25307;GIRARDOT;Municipio;4,338154518;-74,81143922
25;CUNDINAMARCA;25312;GRANADA;Municipio;4,523484884;-74,33724619
25;CUNDINAMARCA;25317;GUACHETÁ;Municipio;5,387291542;-73,69328234
25;CUNDINAMARCA;25320;GUADUAS;Municipio;5,173554764;-74,64014651
25;CUNDINAMARCA;25322;GUASCA;Municipio;4,801276832;-73,84643485
25;CUNDINAMARCA;25324;GUATAQUÍ;Municipio;4,516381655;-74,78257788
25;CUNDINAMARCA;25326;GUATAVITA;Municipio;4,91158717;-73,78648564
25;CUNDINAMARCA;25328;GUAYABAL DE SÍQUIMA;Municipio;4,866310254;-74,4767709
25;CUNDINAMARCA;25335;GUAYABETAL;Municipio;4,231875945;-73,83543981
25;CUNDINAMARCA;25339;GUTIÉRREZ;Municipio;4,166089563;-74,0246527
25;CUNDINAMARCA;25368;JERUSALÉN;Municipio;4,571350254;-74,68915854
25;CUNDINAMARCA;25372;JUNÍN;Municipio;4,705170789;-73,69247873
25;CUNDINAMARCA;25377;LA CALERA;Municipio;4,700785443;-73,92939921
25;CUNDINAMARCA;25386;LA MESA;Municipio;4,650773167;-74,47321717
25;CUNDINAMARCA;25394;LA PALMA;Municipio;5,333400646;-74,40807863
25;CUNDINAMARCA;25398;LA PEÑA;Municipio;5,20459882;-74,40786611
25;CUNDINAMARCA;25402;LA VEGA;Municipio;4,978619842;-74,33936061
25;CUNDINAMARCA;25407;LENGUAZAQUE;Municipio;5,303637171;-73,68153228
25;CUNDINAMARCA;25426;MACHETÁ;Municipio;5,040349198;-73,61738241
25;CUNDINAMARCA;25430;MADRID;Municipio;4,75156751;-74,2896305
25;CUNDINAMARCA;25436;MANTA;Municipio;4,976881151;-73,56313741
25;CUNDINAMARCA;25438;MEDINA;Municipio;4,484437919;-73,40598487
25;CUNDINAMARCA;25473;MOSQUERA;Municipio;4,672714223;-74,23573194
25;CUNDINAMARCA;25483;NARIÑO;Municipio;4,407952015;-74,80565317
25;CUNDINAMARCA;25486;NEMOCÓN;Municipio;5,093705358;-73,88380238
25;CUNDINAMARCA;25488;NILO;Municipio;4,294780933;-74,614695
25;CUNDINAMARCA;25489;NIMAIMA;Municipio;5,121445325;-74,39737048
25;CUNDINAMARCA;25491;NOCAIMA;Municipio;5,066110761;-74,38975476
25;CUNDINAMARCA;25506;VENECIA;Municipio;4,063342074;-74,45259796
25;CUNDINAMARCA;25513;PACHO;Municipio;5,168367634;-74,16336544
25;CUNDINAMARCA;25518;PAIME;Municipio;5,387647345;-74,16395696
25;CUNDINAMARCA;25524;PANDI;Municipio;4,180497268;-74,4711213
25;CUNDINAMARCA;25530;PARATEBUENO;Municipio;4,368158959;-73,2416614
25;CUNDINAMARCA;25535;PASCA;Municipio;4,293733611;-74,27396924
25;CUNDINAMARCA;25572;PUERTO SALGAR;Municipio;5,619752748;-74,5801923
25;CUNDINAMARCA;25580;PULÍ;Municipio;4,691336253;-74,68074404
25;CUNDINAMARCA;25592;QUEBRADANEGRA;Municipio;5,09998103;-74,4945107
25;CUNDINAMARCA;25594;QUETAME;Municipio;4,334589044;-73,85264561
25;CUNDINAMARCA;25596;QUIPILE;Municipio;4,726907976;-74,55359926
25;CUNDINAMARCA;25599;APULO;Municipio;4,537711619;-74,59124656
25;CUNDINAMARCA;25612;RICAURTE;Municipio;4,307363489;-74,72943403
25;CUNDINAMARCA;25645;SAN ANTONIO DEL TEQUENDAMA;Municipio;4,599741357;-74,34490342
25;CUNDINAMARCA;25649;SAN BERNARDO;Municipio;4,140958464;-74,35397692
25;CUNDINAMARCA;25653;SAN CAYETANO;Municipio;5,314600423;-74,07232077
25;CUNDINAMARCA;25658;SAN FRANCISCO;Municipio;4,964100703;-74,27217129
25;CUNDINAMARCA;25662;SAN JUAN DE RIOSECO;Municipio;4,814537831;-74,61525985
25;CUNDINAMARCA;25718;SASAIMA;Municipio;4,946805263;-74,41230921
25;CUNDINAMARCA;25736;SESQUILÉ;Municipio;5,000633875;-73,77206544
25;CUNDINAMARCA;25740;SIBATÉ;Municipio;4,465970004;-74,26328963
25;CUNDINAMARCA;25743;SILVANIA;Municipio;4,436967141;-74,37050903
25;CUNDINAMARCA;25745;SIMIJACA;Municipio;5,509773128;-73,84519164
25;CUNDINAMARCA;25754;SOACHA;Municipio;4,581866267;-74,24029696
25;CUNDINAMARCA;25758;SOPÓ;Municipio;4,888060112;-73,96587528
25;CUNDINAMARCA;25769;SUBACHOQUE;Municipio;4,970358034;-74,15689923
25;CUNDINAMARCA;25772;SUESCA;Municipio;5,122728461;-73,82427313
25;CUNDINAMARCA;25777;SUPATÁ;Municipio;5,061692703;-74,23138328
25;CUNDINAMARCA;25779;SUSA;Municipio;5,440092358;-73,82392529
25;CUNDINAMARCA;25781;SUTATAUSA;Municipio;5,242909347;-73,85540343
25;CUNDINAMARCA;25785;TABIO;Municipio;4,951520046;-74,08449648
25;CUNDINAMARCA;25793;TAUSA;Municipio;5,170527212;-73,95819594
25;CUNDINAMARCA;25797;TENA;Municipio;4,666608192;-74,36764956
25;CUNDINAMARCA;25799;TENJO;Municipio;4,838548601;-74,14680287
25;CUNDINAMARCA;25805;TIBACUY;Municipio;4,321357899;-74,48667274
25;CUNDINAMARCA;25807;TIBIRITA;Municipio;5,084102682;-73,51362546
25;CUNDINAMARCA;25815;TOCAIMA;Municipio;4,452072974;-74,64864406
25;CUNDINAMARCA;25817;TOCANCIPÁ;Municipio;4,968852913;-73,92887021
25;CUNDINAMARCA;25823;TOPAIPÍ;Municipio;5,355688386;-74,28963994
25;CUNDINAMARCA;25839;UBALÁ;Municipio;4,803805182;-73,47654604
25;CUNDINAMARCA;25841;UBAQUE;Municipio;4,500754182;-73,97564545
25;CUNDINAMARCA;25843;VILLA DE SAN DIEGO DE UBATÉ;Municipio;5,316080652;-73,82010566
25;CUNDINAMARCA;25845;UNE;Municipio;4,244611163;-74,11187304
25;CUNDINAMARCA;25851;ÚTICA;Municipio;5,192795708;-74,47780003
25;CUNDINAMARCA;25862;VERGARA;Municipio;5,131267542;-74,30979229
25;CUNDINAMARCA;25867;VIANÍ;Municipio;4,914040619;-74,54936655
25;CUNDINAMARCA;25871;VILLAGÓMEZ;Municipio;5,270694636;-74,19074375
25;CUNDINAMARCA;25873;VILLAPINZÓN;Municipio;5,227298709;-73,57725921
25;CUNDINAMARCA;25875;VILLETA;Municipio;5,011670402;-74,48764746
25;CUNDINAMARCA;25878;VIOTÁ;Municipio;4,436054105;-74,48543339
25;CUNDINAMARCA;25885;YACOPÍ;Municipio;5,591910157;-74,36480865
25;CUNDINAMARCA;25898;ZIPACÓN;Municipio;4,75432173;-74,38673444
25;CUNDINAMARCA;25899;ZIPAQUIRÁ;Municipio;5,06631685;-74,04960323
27;CHOCÓ;27001;QUIBDÓ;Municipio;5,7543229;-76,65015147
27;CHOCÓ;27006;ACANDÍ;Municipio;8,383938499;-77,26560256
27;CHOCÓ;27025;ALTO BAUDÓ;Municipio;5,636740989;-77,0842154
27;CHOCÓ;27050;ATRATO;Municipio;5,525825084;-76,65064357
27;CHOCÓ;27073;BAGADÓ;Municipio;5,503119772;-76,19796907
27;CHOCÓ;27075;BAHÍA SOLANO;Municipio;6,162762775;-77,41653534
27;CHOCÓ;27077;BAJO BAUDÓ;Municipio;4,492865435;-77,08271352
27;CHOCÓ;27099;BOJAYÁ;Municipio;6,474666885;-77,09933025
27;CHOCÓ;27135;EL CANTÓN DEL SAN PABLO;Municipio;5,359661967;-76,77255624
27;CHOCÓ;27150;CARMEN DEL DARIÉN;Municipio;7,033646541;-76,97423016
27;CHOCÓ;27160;CÉRTEGUI;Municipio;5,389828229;-76,52264237
27;CHOCÓ;27205;CONDOTO;Municipio;5,070586101;-76,50701751
27;CHOCÓ;27245;EL CARMEN DE ATRATO;Municipio;5,810938364;-76,19189442
27;CHOCÓ;27250;EL LITORAL DEL SAN JUAN;Municipio;4,272940191;-76,98785828
27;CHOCÓ;27361;ISTMINA;Municipio;4,586818665;-77,00090737
27;CHOCÓ;27372;JURADÓ;Municipio;7,103338868;-77,67973662
27;CHOCÓ;27413;LLORÓ;Municipio;5,585101179;-76,38544449
27;CHOCÓ;27425;MEDIO ATRATO;Municipio;6,033880098;-76,6734697
27;CHOCÓ;27430;MEDIO BAUDÓ;Municipio;5,110392243;-76,99593075
27;CHOCÓ;27450;MEDIO SAN JUAN;Municipio;4,621182739;-76,80861843
27;CHOCÓ;27491;NÓVITA;Municipio;4,853386627;-76,61823669
27;CHOCÓ;27495;NUQUÍ;Municipio;5,591359844;-77,33057439
27;CHOCÓ;27580;RÍO IRÓ;Municipio;5,190995015;-76,41996151
27;CHOCÓ;27600;RÍO QUITO;Municipio;5,567533337;-76,81157084
27;CHOCÓ;27615;RIOSUCIO;Municipio;7,389887937;-77,24067483
27;CHOCÓ;27660;SAN JOSÉ DEL PALMAR;Municipio;4,958741345;-76,28002361
27;CHOCÓ;27745;SIPÍ;Municipio;4,594415157;-76,54194459
27;CHOCÓ;27787;TADÓ;Municipio;5,26610158;-76,33109547
27;CHOCÓ;27800;UNGUÍA;Municipio;8,117281079;-77,10372723
27;CHOCÓ;27810;UNIÓN PANAMERICANA;Municipio;5,281599258;-76,61962746
41;HUILA;41001;NEIVA;Municipio;2,993360046;-75,27236232
41;HUILA;41006;ACEVEDO;Municipio;1,709114446;-75,99664184
41;HUILA;41013;AGRADO;Municipio;2,26975042;-75,71632236
41;HUILA;41016;AIPE;Municipio;3,243441923;-75,27670655
41;HUILA;41020;ALGECIRAS;Municipio;2,49785068;-75,29134946
41;HUILA;41026;ALTAMIRA;Municipio;2,07922808;-75,76858288
41;HUILA;41078;BARAYA;Municipio;3,135423634;-74,95797796
41;HUILA;41132;CAMPOALEGRE;Municipio;2,658666675;-75,32943803
41;HUILA;41206;COLOMBIA;Municipio;3,262763564;-74,78516117
41;HUILA;41244;ELÍAS;Municipio;2,022053305;-75,94430521
41;HUILA;41298;GARZÓN;Municipio;2,172441496;-75,57131243
41;HUILA;41306;GIGANTE;Municipio;2,371781539;-75,51699754
41;HUILA;41319;GUADALUPE;Municipio;1,984394016;-75,69693549
41;HUILA;41349;HOBO;Municipio;2,541654161;-75,44781083
41;HUILA;41357;ÍQUIRA;Municipio;2,691517773;-75,67383141
41;HUILA;41359;ISNOS;Municipio;1,945591321;-76,18204722
41;HUILA;41378;LA ARGENTINA;Municipio;2,156287619;-76,00679451
41;HUILA;41396;LA PLATA;Municipio;2,328076586;-76,00117299
41;HUILA;41483;NÁTAGA;Municipio;2,576066285;-75,78693757
41;HUILA;41503;OPORAPA;Municipio;2,061191362;-76,04110289
41;HUILA;41518;PAICOL;Municipio;2,40689827;-75,72803027
41;HUILA;41524;PALERMO;Municipio;2,914491967;-75,44066118
41;HUILA;41530;PALESTINA;Municipio;1,68458076;-76,1478559
41;HUILA;41548;PITAL;Municipio;2,259601773;-75,8319516
41;HUILA;41551;PITALITO;Municipio;1,848217185;-76,05217643
41;HUILA;41615;RIVERA;Municipio;2,79286115;-75,23536868
41;HUILA;41660;SALADOBLANCO;Municipio;2,100382849;-76,22897871
41;HUILA;41668;SAN AGUSTÍN;Municipio;1,924165493;-76,4165655
41;HUILA;41676;SANTA MARÍA;Municipio;2,926265937;-75,63359786
41;HUILA;41770;SUAZA;Municipio;1,870992095;-75,80798471
41;HUILA;41791;TARQUI;Municipio;2,130280544;-75,87534845
41;HUILA;41797;TESALIA;Municipio;2,526855132;-75,68259642
41;HUILA;41799;TELLO;Municipio;3,030611777;-75,08536553
41;HUILA;41801;TERUEL;Municipio;2,851852692;-75,75988934
41;HUILA;41807;TIMANÁ;Municipio;1,950715226;-75,91757649
41;HUILA;41872;VILLAVIEJA;Municipio;3,287057875;-75,13838292
41;HUILA;41885;YAGUARÁ;Municipio;2,646563339;-75,51592645
44;LA GUAJIRA;44001;RIOHACHA;Municipio;11,24297214;-72,95876315
44;LA GUAJIRA;44035;ALBANIA;Municipio;11,22869049;-72,53209657
44;LA GUAJIRA;44078;BARRANCAS;Municipio;10,94871677;-72,69696879
44;LA GUAJIRA;44090;DIBULLA;Municipio;11,09029715;-73,43568788
44;LA GUAJIRA;44098;DISTRACCIÓN;Municipio;10,92505107;-72,94444027
44;LA GUAJIRA;44110;EL MOLINO;Municipio;10,63669646;-72,8858431
44;LA GUAJIRA;44279;FONSECA;Municipio;10,8283716;-72,8018178
44;LA GUAJIRA;44378;HATONUEVO;Municipio;11,09905582;-72,73842427
44;LA GUAJIRA;44420;LA JAGUA DEL PILAR;Municipio;10,4580941;-73,07209193
44;LA GUAJIRA;44430;MAICAO;Municipio;11,38157764;-72,29500818
44;LA GUAJIRA;44560;MANAURE;Municipio;11,60554263;-72,57160392
44;LA GUAJIRA;44650;SAN JUAN DEL CESAR;Municipio;10,81311496;-73,08659986
44;LA GUAJIRA;44847;URIBIA;Municipio;11,99971986;-71,74882662
44;LA GUAJIRA;44855;URUMITA;Municipio;10,4947021;-72,98623991
44;LA GUAJIRA;44874;VILLANUEVA;Municipio;10,58364755;-72,97520286
47;MAGDALENA;47001;SANTA MARTA;Municipio;11,12189436;-73,88527855
47;MAGDALENA;47030;ALGARROBO;Municipio;10,25356475;-74,10323027
47;MAGDALENA;47053;ARACATACA;Municipio;10,64490877;-73,87972257
47;MAGDALENA;47058;ARIGUANÍ;Municipio;9,834264955;-74,08460085
47;MAGDALENA;47161;CERRO DE SAN ANTONIO;Municipio;10,3132933;-74,80834413
47;MAGDALENA;47170;CHIVOLO;Municipio;10,09951961;-74,52606667
47;MAGDALENA;47189;CIÉNAGA;Municipio;10,85754552;-74,02500493
47;MAGDALENA;47205;CONCORDIA;Municipio;10,23284801;-74,77810175
47;MAGDALENA;47245;EL BANCO;Municipio;9,114930635;-73,98105491
47;MAGDALENA;47258;EL PIÑÓN;Municipio;10,34310988;-74,67817756
47;MAGDALENA;47268;EL RETÉN;Municipio;10,65961696;-74,3251597
47;MAGDALENA;47288;FUNDACIÓN;Municipio;10,45937818;-73,88406518
47;MAGDALENA;47318;GUAMAL;Municipio;9,248004673;-74,13968085
47;MAGDALENA;47460;NUEVA GRANADA;Municipio;9,735998134;-74,32840222
47;MAGDALENA;47541;PEDRAZA;Municipio;10,15429546;-74,83178091
47;MAGDALENA;47545;PIJIÑO DEL CARMEN;Municipio;9,530748654;-74,1447657
47;MAGDALENA;47551;PIVIJAY;Municipio;10,43303399;-74,41251197
47;MAGDALENA;47555;PLATO;Municipio;9,76945611;-74,60181576
47;MAGDALENA;47570;PUEBLOVIEJO;Municipio;10,84758901;-74,36057942
47;MAGDALENA;47605;REMOLINO;Municipio;10,64860351;-74,58106823
47;MAGDALENA;47660;SABANAS DE SAN ÁNGEL;Municipio;10,10533028;-74,2644392
47;MAGDALENA;47675;SALAMINA;Municipio;10,51538178;-74,72296972
47;MAGDALENA;47692;SAN SEBASTIÁN DE BUENAVISTA;Municipio;9,380680272;-74,19797988
47;MAGDALENA;47703;SAN ZENÓN;Municipio;9,306869548;-74,35851644
47;MAGDALENA;47707;SANTA ANA;Municipio;9,503097215;-74,44419381
47;MAGDALENA;47720;SANTA BÁRBARA DE PINTO;Municipio;9,484388135;-74,66521178
47;MAGDALENA;47745;SITIONUEVO;Municipio;10,89027616;-74,62966038
47;MAGDALENA;47798;TENERIFE;Municipio;9,924701267;-74,73263001
47;MAGDALENA;47960;ZAPAYÁN;Municipio;10,11779893;-74,69115456
47;MAGDALENA;47980;ZONA BANANERA;Municipio;10,79634658;-74,17798317
50;META;50001;VILLAVICENCIO;Municipio;4,09166877;-73,49291595
50;META;50006;ACACÍAS;Municipio;3,943383008;-73,57135162
50;META;50110;BARRANCA DE UPÍA;Municipio;4,519076127;-72,99548981
50;META;50124;CABUYARO;Municipio;4,315244759;-72,95268896
50;META;50150;CASTILLA LA NUEVA;Municipio;3,805154089;-73,53886668
50;META;50223;CUBARRAL;Municipio;3,834631516;-74,06232494
50;META;50226;CUMARAL;Municipio;4,232526389;-73,31477539
50;META;50245;EL CALVARIO;Municipio;4,353769888;-73,71441684
50;META;50251;EL CASTILLO;Municipio;3,60282633;-73,89445238
50;META;50270;EL DORADO;Municipio;3,706969785;-73,83161892
50;META;50287;FUENTE DE ORO;Municipio;3,382370124;-73,59625429
50;META;50313;GRANADA;Municipio;3,441051399;-73,7611547
50;META;50318;GUAMAL;Municipio;3,947775585;-73,95983864
50;META;50325;MAPIRIPÁN;Municipio;3,117523361;-71,93805692
50;META;50330;MESETAS;Municipio;3,154771201;-74,12454824
50;META;50350;LA MACARENA;Municipio;2,161863917;-74,09488076
50;META;50370;URIBE;Municipio;3,047726858;-74,43066134
50;META;50400;LEJANÍAS;Municipio;3,614714873;-74,09628467
50;META;50450;PUERTO CONCORDIA;Municipio;2,752260112;-72,7210941
50;META;50568;PUERTO GAITÁN;Municipio;4,005034467;-71,63157429
50;META;50573;PUERTO LÓPEZ;Municipio;4,014298921;-72,64570499
50;META;50577;PUERTO LLERAS;Municipio;3,193092925;-73,23671436
50;META;50590;PUERTO RICO;Municipio;2,758083657;-73,13780171
50;META;50606;RESTREPO;Municipio;4,204310977;-73,50226037
50;META;50680;SAN CARLOS DE GUAROA;Municipio;3,84761678;-73,27583401
50;META;50683;SAN JUAN DE ARAMA;Municipio;3,289851171;-73,81635243
50;META;50686;SAN JUANITO;Municipio;4,471346322;-73,66041355
50;META;50689;SAN MARTÍN;Municipio;3,515860962;-72,65672742
50;META;50711;VISTAHERMOSA;Municipio;2,811616698;-73,66652234
52;NARIÑO;52001;PASTO;Municipio;1,083605497;-77,20610074
52;NARIÑO;52019;ALBÁN;Municipio;1,469854084;-77,06880947
52;NARIÑO;52022;ALDANA;Municipio;0,913431916;-77,69538731
52;NARIÑO;52036;ANCUYA;Municipio;1,245254077;-77,53115777
52;NARIÑO;52051;ARBOLEDA;Municipio;1,480051172;-77,12985001
52;NARIÑO;52079;BARBACOAS;Municipio;1,44563774;-78,15621072
52;NARIÑO;52083;BELÉN;Municipio;1,593645287;-77,01999366
52;NARIÑO;52110;BUESACO;Municipio;1,315215636;-77,1163664
52;NARIÑO;52203;COLÓN;Municipio;1,636334379;-77,0473156
52;NARIÑO;52207;CONSACÁ;Municipio;1,209066732;-77,44063921
52;NARIÑO;52210;CONTADERO;Municipio;0,932667458;-77,52808731
52;NARIÑO;52215;CÓRDOBA;Municipio;0,78274688;-77,36805903
52;NARIÑO;52224;CUASPUD CARLOSAMA;Municipio;0,875426999;-77,73591601
52;NARIÑO;52227;CUMBAL;Municipio;0,944223274;-77,95958446
52;NARIÑO;52233;CUMBITARA;Municipio;1,72559011;-77,59281637
52;NARIÑO;52240;CHACHAGÜÍ;Municipio;1,386497844;-77,26969022
52;NARIÑO;52250;EL CHARCO;Municipio;2,216382295;-77,99533234
52;NARIÑO;52254;EL PEÑOL;Municipio;1,512283967;-77,43050934
52;NARIÑO;52256;EL ROSARIO;Municipio;1,887689437;-77,48319589
52;NARIÑO;52258;EL TABLÓN DE GÓMEZ;Municipio;1,409430207;-76,98526959
52;NARIÑO;52260;EL TAMBO;Municipio;1,43026376;-77,38311597
52;NARIÑO;52287;FUNES;Municipio;0,957786429;-77,39532781
52;NARIÑO;52317;GUACHUCAL;Municipio;0,975037904;-77,73758941
52;NARIÑO;52320;GUAITARILLA;Municipio;1,151366658;-77,53011336
52;NARIÑO;52323;GUALMATÁN;Municipio;0,928642623;-77,58261883
52;NARIÑO;52352;ILES;Municipio;0,980534037;-77,5186573
52;NARIÑO;52354;IMUÉS;Municipio;1,07287697;-77,50150864
52;NARIÑO;52356;IPIALES;Municipio;0,497708465;-77,24047625
52;NARIÑO;52378;LA CRUZ;Municipio;1,584175998;-76,92335262
52;NARIÑO;52381;LA FLORIDA;Municipio;1,338034371;-77,42293041
52;NARIÑO;52385;LA LLANADA;Municipio;1,541847847;-77,61781608
52;NARIÑO;52390;LA TOLA;Municipio;2,56027333;-78,23506694
52;NARIÑO;52399;LA UNIÓN;Municipio;1,619697376;-77,14284622
52;NARIÑO;52405;LEIVA;Municipio;1,900862361;-77,31220073
52;NARIÑO;52411;LINARES;Municipio;1,395173084;-77,52093774
52;NARIÑO;52418;LOS ANDES;Municipio;1,672601269;-77,71054449
52;NARIÑO;52427;MAGÜÍ;Municipio;1,906858429;-78,04473644
52;NARIÑO;52435;MALLAMA;Municipio;1,155947016;-77,84664646
52;NARIÑO;52473;MOSQUERA;Municipio;2,442493698;-78,438827
52;NARIÑO;52480;NARIÑO;Municipio;1,286775273;-77,35220367
52;NARIÑO;52490;OLAYA HERRERA;Municipio;2,287856547;-78,31219024
52;NARIÑO;52506;OSPINA;Municipio;1,029815854;-77,55234944
52;NARIÑO;52520;FRANCISCO PIZARRO;Municipio;2,088531925;-78,59193099
52;NARIÑO;52540;POLICARPA;Municipio;1,735354202;-77,48134359
52;NARIÑO;52560;POTOSÍ;Municipio;0,785841088;-77,52870407
52;NARIÑO;52565;PROVIDENCIA;Municipio;1,232864821;-77,59844212
52;NARIÑO;52573;PUERRES;Municipio;0,854351651;-77,35032523
52;NARIÑO;52585;PUPIALES;Municipio;0,916769831;-77,63336954
52;NARIÑO;52612;RICAURTE;Municipio;1,147671848;-78,05811118
52;NARIÑO;52621;ROBERTO PAYÁN;Municipio;1,897581156;-78,3811163
52;NARIÑO;52678;SAMANIEGO;Municipio;1,430555262;-77,69179559
52;NARIÑO;52683;SANDONÁ;Municipio;1,288105409;-77,45670068
52;NARIÑO;52685;SAN BERNARDO;Municipio;1,529782485;-77,02070663
52;NARIÑO;52687;SAN LORENZO;Municipio;1,542139582;-77,21872693
52;NARIÑO;52693;SAN PABLO;Municipio;1,681576627;-76,97527979
52;NARIÑO;52694;SAN PEDRO DE CARTAGO;Municipio;1,536823494;-77,10140325
52;NARIÑO;52696;SANTA BÁRBARA;Municipio;2,494420411;-77,98256461
52;NARIÑO;52699;SANTACRUZ;Municipio;1,285179376;-77,7445744
52;NARIÑO;52720;SAPUYES;Municipio;1,045287475;-77,71810954
52;NARIÑO;52786;TAMINANGO;Municipio;1,591661392;-77,32525316
52;NARIÑO;52788;TANGUA;Municipio;1,064078111;-77,35063491
52;NARIÑO;52835;SAN ANDRÉS DE TUMACO;Municipio;1,574550638;-78,61540963
52;NARIÑO;52838;TÚQUERRES;Municipio;1,134440523;-77,63073238
52;NARIÑO;52885;YACUANQUER;Municipio;1,125547916;-77,42467569
54;NORTE DE SANTANDER;54001;SAN JOSÉ DE CÚCUTA;Municipio;8,112041811;-72,48862641
54;NORTE DE SANTANDER;54003;ÁBREGO;Municipio;8,019834481;-73,15850485
54;NORTE DE SANTANDER;54051;ARBOLEDAS;Municipio;7,586048164;-72,91705315
54;NORTE DE SANTANDER;54099;BOCHALEMA;Municipio;7,608509339;-72,65951909
54;NORTE DE SANTANDER;54109;BUCARASICA;Municipio;8,079802239;-72,92919926
54;NORTE DE SANTANDER;54125;CÁCOTA;Municipio;7,270560088;-72,65212153
54;NORTE DE SANTANDER;54128;CÁCHIRA;Municipio;7,684188896;-73,12939481
54;NORTE DE SANTANDER;54172;CHINÁCOTA;Municipio;7,583353136;-72,58390978
54;NORTE DE SANTANDER;54174;CHITAGÁ;Municipio;7,05161677;-72,52544746
54;NORTE DE SANTANDER;54206;CONVENCIÓN;Municipio;8,873159895;-73,20007769
54;NORTE DE SANTANDER;54223;CUCUTILLA;Municipio;7,502182366;-72,79703447
54;NORTE DE SANTANDER;54239;DURANIA;Municipio;7,746993206;-72,67208072
54;NORTE DE SANTANDER;54245;EL CARMEN;Municipio;8,867990035;-73,34585922
54;NORTE DE SANTANDER;54250;EL TARRA;Municipio;8,678263671;-73,0317597
54;NORTE DE SANTANDER;54261;EL ZULIA;Municipio;8,081200092;-72,63152118
54;NORTE DE SANTANDER;54313;GRAMALOTE;Municipio;7,906522991;-72,80705582
54;NORTE DE SANTANDER;54344;HACARÍ;Municipio;8,361831987;-73,0782633
54;NORTE DE SANTANDER;54347;HERRÁN;Municipio;7,493955781;-72,49269998
54;NORTE DE SANTANDER;54377;LABATECA;Municipio;7,218372474;-72,48281514
54;NORTE DE SANTANDER;54385;LA ESPERANZA;Municipio;7,695233593;-73,36139672
54;NORTE DE SANTANDER;54398;LA PLAYA;Municipio;8,256757875;-73,18789327
54;NORTE DE SANTANDER;54405;LOS PATIOS;Municipio;7,742291094;-72,52680784
54;NORTE DE SANTANDER;54418;LOURDES;Municipio;7,963712759;-72,8467029
54;NORTE DE SANTANDER;54480;MUTISCUA;Municipio;7,31694997;-72,76834584
54;NORTE DE SANTANDER;54498;OCAÑA;Municipio;8,206637527;-73,33765033
54;NORTE DE SANTANDER;54518;PAMPLONA;Municipio;7,379057623;-72,67590348
54;NORTE DE SANTANDER;54520;PAMPLONITA;Municipio;7,48287886;-72,63515401
54;NORTE DE SANTANDER;54553;PUERTO SANTANDER;Municipio;8,329138642;-72,41119066
54;NORTE DE SANTANDER;54599;RAGONVALIA;Municipio;7,595355974;-72,50756622
54;NORTE DE SANTANDER;54660;SALAZAR;Municipio;7,772747824;-72,86769959
54;NORTE DE SANTANDER;54670;SAN CALIXTO;Municipio;8,414441404;-73,2176038
54;NORTE DE SANTANDER;54673;SAN CAYETANO;Municipio;7,847872195;-72,60971203
54;NORTE DE SANTANDER;54680;SANTIAGO;Municipio;7,889234454;-72,7182541
54;NORTE DE SANTANDER;54720;SARDINATA;Municipio;8,215080767;-72,79580961
54;NORTE DE SANTANDER;54743;SILOS;Municipio;7,180991879;-72,78617884
54;NORTE DE SANTANDER;54800;TEORAMA;Municipio;8,760013794;-73,15714097
54;NORTE DE SANTANDER;54810;TIBÚ;Municipio;8,713507237;-72,79925855
54;NORTE DE SANTANDER;54820;TOLEDO;Municipio;7,225864961;-72,30593418
54;NORTE DE SANTANDER;54871;VILLA CARO;Municipio;7,936293173;-72,98759418
54;NORTE DE SANTANDER;54874;VILLA DEL ROSARIO;Municipio;7,718635863;-72,48361176
63;QUINDÍO;63001;ARMENIA;Municipio;4,499501128;-75,72489985
63;QUINDÍO;63111;BUENAVISTA;Municipio;4,366632382;-75,74403734
63;QUINDÍO;63130;CALARCÁ;Municipio;4,467879428;-75,65674719
63;QUINDÍO;63190;CIRCASIA;Municipio;4,604845344;-75,66688449
63;QUINDÍO;63212;CÓRDOBA;Municipio;4,395975176;-75,65132308
63;QUINDÍO;63272;FILANDIA;Municipio;4,669325347;-75,67146941
63;QUINDÍO;63302;GÉNOVA;Municipio;4,180107773;-75,76056695
63;QUINDÍO;63401;LA TEBAIDA;Municipio;4,426884849;-75,81927335
63;QUINDÍO;63470;MONTENEGRO;Municipio;4,521890945;-75,81806594
63;QUINDÍO;63548;PIJAO;Municipio;4,30397934;-75,68330417
63;QUINDÍO;63594;QUIMBAYA;Municipio;4,610273497;-75,79205087
63;QUINDÍO;63690;SALENTO;Municipio;4,611314654;-75,53092112
66;RISARALDA;66001;PEREIRA;Municipio;4,803662773;-75,79579093
66;RISARALDA;66045;APÍA;Municipio;5,139635357;-75,95353871
66;RISARALDA;66075;BALBOA;Municipio;4,918349676;-75,94275386
66;RISARALDA;66088;BELÉN DE UMBRÍA;Municipio;5,200398696;-75,86793893
66;RISARALDA;66170;DOSQUEBRADAS;Municipio;4,842021144;-75,66993655
66;RISARALDA;66318;GUÁTICA;Municipio;5,320295966;-75,80436659
66;RISARALDA;66383;LA CELIA;Municipio;4,988127679;-76,00822678
66;RISARALDA;66400;LA VIRGINIA;Municipio;4,904704187;-75,85208162
66;RISARALDA;66440;MARSELLA;Municipio;4,942936185;-75,7532139
66;RISARALDA;66456;MISTRATÓ;Municipio;5,414078141;-75,96135387
66;RISARALDA;66572;PUEBLO RICO;Municipio;5,286295408;-76,07359421
66;RISARALDA;66594;QUINCHÍA;Municipio;5,323906864;-75,71339683
66;RISARALDA;66682;SANTA ROSA DE CABAL;Municipio;4,833789828;-75,54950174
66;RISARALDA;66687;SANTUARIO;Municipio;5,076100313;-76,02286946
68;SANTANDER;68001;BUCARAMANGA;Municipio;7,155833544;-73,11156997
68;SANTANDER;68013;AGUADA;Municipio;6,182208476;-73,53038541
68;SANTANDER;68020;ALBANIA;Municipio;5,788190519;-73,79236929
68;SANTANDER;68051;ARATOCA;Municipio;6,716766585;-73,01162697
68;SANTANDER;68077;BARBOSA;Municipio;5,955617327;-73,62345229
68;SANTANDER;68079;BARICHARA;Municipio;6,647062543;-73,21518466
68;SANTANDER;68081;BARRANCABERMEJA;Municipio;7,054074558;-73,78211646
68;SANTANDER;68092;BETULIA;Municipio;7,033255886;-73,37872388
68;SANTANDER;68101;BOLÍVAR;Municipio;6,181715586;-73,92065703
68;SANTANDER;68121;CABRERA;Municipio;6,562543673;-73,25034892
68;SANTANDER;68132;CALIFORNIA;Municipio;7,331565443;-72,95131825
68;SANTANDER;68147;CAPITANEJO;Municipio;6,520200095;-72,67435203
68;SANTANDER;68152;CARCASÍ;Municipio;6,659675274;-72,56968434
68;SANTANDER;68160;CEPITÁ;Municipio;6,752465533;-72,92924629
68;SANTANDER;68162;CERRITO;Municipio;6,903923173;-72,64536324
68;SANTANDER;68167;CHARALÁ;Municipio;6,35099819;-73,06101382
68;SANTANDER;68169;CHARTA;Municipio;7,282973001;-72,97829057
68;SANTANDER;68176;CHIMA;Municipio;6,361627641;-73,40172144
68;SANTANDER;68179;CHIPATÁ;Municipio;6,067944658;-73,63239132
68;SANTANDER;68190;CIMITARRA;Municipio;6,40972961;-74,17030427
68;SANTANDER;68207;CONCEPCIÓN;Municipio;6,76062337;-72,61815735
68;SANTANDER;68209;CONFINES;Municipio;6,342314443;-73,25014013
68;SANTANDER;68211;CONTRATACIÓN;Municipio;6,303116611;-73,50211527
68;SANTANDER;68217;COROMORO;Municipio;6,234735779;-72,98176803
68;SANTANDER;68229;CURITÍ;Municipio;6,608966483;-73,05897888
68;SANTANDER;68235;EL CARMEN DE CHUCURÍ;Municipio;6,664260002;-73,56475288
68;SANTANDER;68245;EL GUACAMAYO;Municipio;6,236115743;-73,4977605
68;SANTANDER;68250;EL PEÑÓN;Municipio;6,123389691;-74,00040397
68;SANTANDER;68255;EL PLAYÓN;Municipio;7,524284721;-73,18158192
68;SANTANDER;68264;ENCINO;Municipio;6,079061224;-73,06206665
68;SANTANDER;68266;ENCISO;Municipio;6,65824115;-72,68027939
68;SANTANDER;68271;FLORIÁN;Municipio;5,801106291;-73,95524931
68;SANTANDER;68276;FLORIDABLANCA;Municipio;7,079704598;-73,0679925
68;SANTANDER;68296;GALÁN;Municipio;6,671810994;-73,32467124
68;SANTANDER;68298;GÁMBITA;Municipio;5,924383558;-73,31939934
68;SANTANDER;68307;GIRÓN;Municipio;6,976734127;-73,205267
68;SANTANDER;68318;GUACA;Municipio;6,9434341;-72,82369873
68;SANTANDER;68320;GUADALUPE;Municipio;6,233278248;-73,40977445
68;SANTANDER;68322;GUAPOTÁ;Municipio;6,319299865;-73,33115275
68;SANTANDER;68324;GUAVATÁ;Municipio;5,944894844;-73,72173671
68;SANTANDER;68327;GÜEPSA;Municipio;6,04656148;-73,57847854
68;SANTANDER;68344;HATO;Municipio;6,559878299;-73,36178841
68;SANTANDER;68368;JESÚS MARÍA;Municipio;5,872705896;-73,78997419
68;SANTANDER;68370;JORDÁN;Municipio;6,710814846;-73,1211236
68;SANTANDER;68377;LA BELLEZA;Municipio;5,895724341;-74,04676575
68;SANTANDER;68385;LANDÁZURI;Municipio;6,385234814;-73,78760899
68;SANTANDER;68397;LA PAZ;Municipio;6,21737437;-73,62977195
68;SANTANDER;68406;LEBRIJA;Municipio;7,204060063;-73,29138097
68;SANTANDER;68418;LOS SANTOS;Municipio;6,812162934;-73,10785086
68;SANTANDER;68425;MACARAVITA;Municipio;6,513745303;-72,58536492
68;SANTANDER;68432;MÁLAGA;Municipio;6,720222349;-72,73841091
68;SANTANDER;68444;MATANZA;Municipio;7,348778319;-73,05438997
68;SANTANDER;68464;MOGOTES;Municipio;6,492532315;-72,95834772
68;SANTANDER;68468;MOLAGAVITA;Municipio;6,643290559;-72,81916274
68;SANTANDER;68498;OCAMONTE;Municipio;6,355368858;-73,12211833
68;SANTANDER;68500;OIBA;Municipio;6,225596216;-73,27961515
68;SANTANDER;68502;ONZAGA;Municipio;6,335194548;-72,81205838
68;SANTANDER;68522;PALMAR;Municipio;6,525876964;-73,28247337
68;SANTANDER;68524;PALMAS DEL SOCORRO;Municipio;6,391750107;-73,28273174
68;SANTANDER;68533;PÁRAMO;Municipio;6,416631131;-73,17148232
68;SANTANDER;68547;PIEDECUESTA;Municipio;6,97082104;-73,01481196
68;SANTANDER;68549;PINCHOTE;Municipio;6,513892626;-73,17570986
68;SANTANDER;68572;PUENTE NACIONAL;Municipio;5,831129906;-73,67841815
68;SANTANDER;68573;PUERTO PARRA;Municipio;6,685278856;-73,95761256
68;SANTANDER;68575;PUERTO WILCHES;Municipio;7,398198257;-73,8354696
68;SANTANDER;68615;RIONEGRO;Municipio;7,474226085;-73,37246417
68;SANTANDER;68655;SABANA DE TORRES;Municipio;7,4065422;-73,57131807
68;SANTANDER;68669;SAN ANDRÉS;Municipio;6,796483063;-72,81613202
68;SANTANDER;68673;SAN BENITO;Municipio;6,076525355;-73,55295302
68;SANTANDER;68679;SAN GIL;Municipio;6,550778765;-73,11887911
68;SANTANDER;68682;SAN JOAQUÍN;Municipio;6,459879823;-72,85471883
68;SANTANDER;68684;SAN JOSÉ DE MIRANDA;Municipio;6,629400185;-72,73976423
68;SANTANDER;68686;SAN MIGUEL;Municipio;6,568121541;-72,64322497
68;SANTANDER;68689;SAN VICENTE DE CHUCURÍ;Municipio;6,894292346;-73,53900334
68;SANTANDER;68705;SANTA BÁRBARA;Municipio;6,988084711;-72,89608933
68;SANTANDER;68720;SANTA HELENA DEL OPÓN;Municipio;6,40890734;-73,58206609
68;SANTANDER;68745;SIMACOTA;Municipio;6,494231551;-73,45910992
68;SANTANDER;68755;SOCORRO;Municipio;6,462088241;-73,24436001
68;SANTANDER;68770;SUAITA;Municipio;6,101499739;-73,36225795
68;SANTANDER;68773;SUCRE;Municipio;5,983203734;-73,95936235
68;SANTANDER;68780;SURATÁ;Municipio;7,475402063;-72,98779966
68;SANTANDER;68820;TONA;Municipio;7,170891099;-72,93970443
68;SANTANDER;68855;VALLE DE SAN JOSÉ;Municipio;6,434578919;-73,10997171
68;SANTANDER;68861;VÉLEZ;Municipio;6,00741043;-73,69057256
68;SANTANDER;68867;VETAS;Municipio;7,322219563;-72,88156901
68;SANTANDER;68872;VILLANUEVA;Municipio;6,685867326;-73,16396916
68;SANTANDER;68895;ZAPATOCA;Municipio;6,813725566;-73,30975044
70;SUCRE;70001;SINCELEJO;Municipio;9,316673928;-75,43174967
70;SUCRE;70110;BUENAVISTA;Municipio;9,314972282;-74,98014057
70;SUCRE;70124;CAIMITO;Municipio;8,792311599;-75,13191063
70;SUCRE;70204;COLOSÓ;Municipio;9,494043427;-75,34528693
70;SUCRE;70215;COROZAL;Municipio;9,160624283;-75,23858178
70;SUCRE;70221;COVEÑAS;Municipio;9,394449802;-75,6574915
70;SUCRE;70230;CHALÁN;Municipio;9,569584598;-75,32420908
70;SUCRE;70233;EL ROBLE;Municipio;9,036231591;-75,14575038
70;SUCRE;70235;GALERAS;Municipio;9,135169096;-74,98134706
70;SUCRE;70265;GUARANDA;Municipio;8,337828523;-74,68734926
70;SUCRE;70400;LA UNIÓN;Municipio;8,811997799;-75,28322212
70;SUCRE;70418;LOS PALMITOS;Municipio;9,422380117;-75,21302191
70;SUCRE;70429;MAJAGUAL;Municipio;8,546148134;-74,71037883
70;SUCRE;70473;MORROA;Municipio;9,392496685;-75,32718744
70;SUCRE;70508;OVEJAS;Municipio;9,549655271;-75,18855916
70;SUCRE;70523;PALMITO;Municipio;9,334940293;-75,56199027
70;SUCRE;70670;SAMPUÉS;Municipio;9,165188649;-75,36027422
70;SUCRE;70678;SAN BENITO ABAD;Municipio;8,835634919;-74,96469398
70;SUCRE;70702;SAN JUAN DE BETULIA;Municipio;9,292019071;-75,21363579
70;SUCRE;70708;SAN MARCOS;Municipio;8,589220102;-75,17249955
70;SUCRE;70713;SAN ONOFRE;Municipio;9,814599536;-75,50522919
70;SUCRE;70717;SAN PEDRO;Municipio;9,396835638;-75,03741815
70;SUCRE;70742;SAN LUIS DE SINCÉ;Municipio;9,256299047;-75,09397089
70;SUCRE;70771;SUCRE;Municipio;8,814333477;-74,74753131
70;SUCRE;70820;SANTIAGO DE TOLÚ;Municipio;9,533810567;-75,53543469
70;SUCRE;70823;SAN JOSÉ DE TOLUVIEJO;Municipio;9,490297716;-75,44451115
73;TOLIMA;73001;IBAGUÉ;Municipio;4,451921427;-75,252591
73;TOLIMA;73024;ALPUJARRA;Municipio;3,390015064;-74,94078233
73;TOLIMA;73026;ALVARADO;Municipio;4,582625784;-74,98630686
73;TOLIMA;73030;AMBALEMA;Municipio;4,803365246;-74,80998676
73;TOLIMA;73043;ANZOÁTEGUI;Municipio;4,623390454;-75,20165423
73;TOLIMA;73055;ARMERO;Municipio;5,006758956;-74,84750095
73;TOLIMA;73067;ATACO;Municipio;3,37749064;-75,61373257
73;TOLIMA;73124;CAJAMARCA;Municipio;4,406971283;-75,49745918
73;TOLIMA;73148;CARMEN DE APICALÁ;Municipio;4,123416795;-74,74700246
73;TOLIMA;73152;CASABIANCA;Municipio;5,007003948;-75,19457703
73;TOLIMA;73168;CHAPARRAL;Municipio;3,743693084;-75,58986634
73;TOLIMA;73200;COELLO;Municipio;4,315603867;-74,91470256
73;TOLIMA;73217;COYAIMA;Municipio;3,775490271;-75,14720213
73;TOLIMA;73226;CUNDAY;Municipio;3,98252395;-74,68936908
73;TOLIMA;73236;DOLORES;Municipio;3,597863274;-74,80256674
73;TOLIMA;73268;ESPINAL;Municipio;4,166476969;-74,89352941
73;TOLIMA;73270;FALAN;Municipio;5,079256598;-74,95703372
73;TOLIMA;73275;FLANDES;Municipio;4,242813257;-74,83708638
73;TOLIMA;73283;FRESNO;Municipio;5,186694812;-75,05228995
73;TOLIMA;73319;GUAMO;Municipio;4,076501341;-74,97657287
73;TOLIMA;73347;HERVEO;Municipio;5,068553783;-75,24322959
73;TOLIMA;73349;HONDA;Municipio;5,179416561;-74,78303094
73;TOLIMA;73352;ICONONZO;Municipio;4,133276369;-74,53964257
73;TOLIMA;73408;LÉRIDA;Municipio;4,866034592;-74,92337178
73;TOLIMA;73411;LÍBANO;Municipio;4,877936755;-75,04763076
73;TOLIMA;73443;SAN SEBASTIÁN DE MARIQUITA;Municipio;5,235322593;-74,90668089
73;TOLIMA;73449;MELGAR;Municipio;4,193215498;-74,60517497
73;TOLIMA;73461;MURILLO;Municipio;4,826734468;-75,21993987
73;TOLIMA;73483;NATAGAIMA;Municipio;3,540518203;-75,12200999
73;TOLIMA;73504;ORTEGA;Municipio;3,937793962;-75,27824314
73;TOLIMA;73520;PALOCABILDO;Municipio;5,094035737;-75,0184505
73;TOLIMA;73547;PIEDRAS;Municipio;4,433764446;-74,99879938
73;TOLIMA;73555;PLANADAS;Municipio;3,09897343;-75,81684413
73;TOLIMA;73563;PRADO;Municipio;3,729166649;-74,87247706
73;TOLIMA;73585;PURIFICACIÓN;Municipio;3,854281614;-74,87451155
73;TOLIMA;73616;RIOBLANCO;Municipio;3,468077548;-75,85481103
73;TOLIMA;73622;RONCESVALLES;Municipio;4,097861181;-75,59428027
73;TOLIMA;73624;ROVIRA;Municipio;4,216730954;-75,34758364
73;TOLIMA;73671;SALDAÑA;Municipio;3,912542787;-75,01859762
73;TOLIMA;73675;SAN ANTONIO;Municipio;3,926088268;-75,50991004
73;TOLIMA;73678;SAN LUIS;Municipio;4,057271684;-75,16320806
73;TOLIMA;73686;SANTA ISABEL;Municipio;4,740827622;-75,20069946
73;TOLIMA;73770;SUÁREZ;Municipio;3,969210629;-74,84448738
73;TOLIMA;73854;VALLE DE SAN JUAN;Municipio;4,182125647;-75,17148237
73;TOLIMA;73861;VENADILLO;Municipio;4,70988172;-74,92089886
73;TOLIMA;73870;VILLAHERMOSA;Municipio;4,965753461;-75,15592969
73;TOLIMA;73873;VILLARRICA;Municipio;3,854384097;-74,61896623
76;VALLE DEL CAUCA;76001;CALI;Municipio;3,399043723;-76,57649259
76;VALLE DEL CAUCA;76020;ALCALÁ;Municipio;4,6788971;-75,78297932
76;VALLE DEL CAUCA;76036;ANDALUCÍA;Municipio;4,153314228;-76,16063341
76;VALLE DEL CAUCA;76041;ANSERMANUEVO;Municipio;4,795927292;-76,02963049
76;VALLE DEL CAUCA;76054;ARGELIA;Municipio;4,704287864;-76,14164999
76;VALLE DEL CAUCA;76100;BOLÍVAR;Municipio;4,393118861;-76,34982039
76;VALLE DEL CAUCA;76109;BUENAVENTURA;Municipio;3,493340766;-77,11872832
76;VALLE DEL CAUCA;76111;GUADALAJARA DE BUGA;Municipio;3,819854318;-75,98312419
76;VALLE DEL CAUCA;76113;BUGALAGRANDE;Municipio;4,196852991;-76,0896103
76;VALLE DEL CAUCA;76122;CAICEDONIA;Municipio;4,308997973;-75,83672567
76;VALLE DEL CAUCA;76126;CALIMA;Municipio;3,923271619;-76,64260484
76;VALLE DEL CAUCA;76130;CANDELARIA;Municipio;3,382091564;-76,38317663
76;VALLE DEL CAUCA;76147;CARTAGO;Municipio;4,70684716;-75,91790846
76;VALLE DEL CAUCA;76233;DAGUA;Municipio;3,649822218;-76,72039347
76;VALLE DEL CAUCA;76243;EL ÁGUILA;Municipio;4,917562873;-76,06601001
76;VALLE DEL CAUCA;76246;EL CAIRO;Municipio;4,756063701;-76,21502826
76;VALLE DEL CAUCA;76248;EL CERRITO;Municipio;3,656072873;-76,30841784
76;VALLE DEL CAUCA;76250;EL DOVIO;Municipio;4,539979729;-76,28762701
76;VALLE DEL CAUCA;76275;FLORIDA;Municipio;3,304104295;-76,16477307
76;VALLE DEL CAUCA;76306;GINEBRA;Municipio;3,74410441;-76,19082004
76;VALLE DEL CAUCA;76318;GUACARÍ;Municipio;3,759414991;-76,34518277
76;VALLE DEL CAUCA;76364;JAMUNDÍ;Municipio;3,213892389;-76,62760418
76;VALLE DEL CAUCA;76377;LA CUMBRE;Municipio;3,694303106;-76,58989905
76;VALLE DEL CAUCA;76400;LA UNIÓN;Municipio;4,537937391;-76,10328983
76;VALLE DEL CAUCA;76403;LA VICTORIA;Municipio;4,483511142;-75,96677303
76;VALLE DEL CAUCA;76497;OBANDO;Municipio;4,597588666;-75,9491997
76;VALLE DEL CAUCA;76520;PALMIRA;Municipio;3,558392876;-76,22779972
76;VALLE DEL CAUCA;76563;PRADERA;Municipio;3,42063665;-76,17841841
76;VALLE DEL CAUCA;76606;RESTREPO;Municipio;3,806494973;-76,53489853
76;VALLE DEL CAUCA;76616;RIOFRÍO;Municipio;4,109500298;-76,37105443
76;VALLE DEL CAUCA;76622;ROLDANILLO;Municipio;4,443571848;-76,16824249
76;VALLE DEL CAUCA;76670;SAN PEDRO;Municipio;3,98143244;-76,20836168
76;VALLE DEL CAUCA;76736;SEVILLA;Municipio;4,193411919;-75,88818163
76;VALLE DEL CAUCA;76823;TORO;Municipio;4,638421279;-76,08106176
76;VALLE DEL CAUCA;76828;TRUJILLO;Municipio;4,233268116;-76,34292699
76;VALLE DEL CAUCA;76834;TULUÁ;Municipio;4,02840797;-76,03250379
76;VALLE DEL CAUCA;76845;ULLOA;Municipio;4,707718947;-75,77835903
76;VALLE DEL CAUCA;76863;VERSALLES;Municipio;4,644242641;-76,25924483
76;VALLE DEL CAUCA;76869;VIJES;Municipio;3,74365889;-76,47064718
76;VALLE DEL CAUCA;76890;YOTOCO;Municipio;3,904130354;-76,39080435
76;VALLE DEL CAUCA;76892;YUMBO;Municipio;3,595913669;-76,5109879
76;VALLE DEL CAUCA;76895;ZARZAL;Municipio;4,35359875;-76,05065336
81;ARAUCA;81001;ARAUCA;Municipio;6,796280825;-70,50921153
81;ARAUCA;81065;ARAUQUITA;Municipio;6,799338394;-71,29827429
81;ARAUCA;81220;CRAVO NORTE;Municipio;6,39654349;-70,07381197
81;ARAUCA;81300;FORTUL;Municipio;6,750907234;-71,79124241
81;ARAUCA;81591;PUERTO RONDÓN;Municipio;6,411761829;-70,96678964
81;ARAUCA;81736;SARAVENA;Municipio;6,906941714;-71,85070757
81;ARAUCA;81794;TAME;Municipio;6,390650479;-71,79178647
85;CASANARE;85001;YOPAL;Municipio;5,242744761;-72,25802857
85;CASANARE;85010;AGUAZUL;Municipio;5,126121886;-72,54821017
85;CASANARE;85015;CHÁMEZA;Municipio;5,228453404;-72,86496804
85;CASANARE;85125;HATO COROZAL;Municipio;6,03948032;-71,52445752
85;CASANARE;85136;LA SALINA;Municipio;6,178282373;-72,34693377
85;CASANARE;85139;MANÍ;Municipio;4,675769488;-72,21280273
85;CASANARE;85162;MONTERREY;Municipio;4,841308642;-72,8473434
85;CASANARE;85225;NUNCHÍA;Municipio;5,529181235;-72,09251937
85;CASANARE;85230;OROCUÉ;Municipio;4,915139133;-71,59873966
85;CASANARE;85250;PAZ DE ARIPORO;Municipio;5,779915281;-70,86947037
85;CASANARE;85263;PORE;Municipio;5,663194953;-71,92580806
85;CASANARE;85279;RECETOR;Municipio;5,263068507;-72,77081831
85;CASANARE;85300;SABANALARGA;Municipio;4,81119011;-72,99580655
85;CASANARE;85315;SÁCAMA;Municipio;6,049906435;-72,21076163
85;CASANARE;85325;SAN LUIS DE PALENQUE;Municipio;5,274955665;-71,81749276
85;CASANARE;85400;TÁMARA;Municipio;5,878927424;-72,20067822
85;CASANARE;85410;TAURAMENA;Municipio;4,697463691;-72,62922436
85;CASANARE;85430;TRINIDAD;Municipio;5,354527091;-71,25479519
85;CASANARE;85440;VILLANUEVA;Municipio;4,528307719;-72,82314281
86;PUTUMAYO;86001;MOCOA;Municipio;1,26070915;-76,66584349
86;PUTUMAYO;86219;COLÓN;Municipio;1,204815876;-76,97376805
86;PUTUMAYO;86320;ORITO;Municipio;0,673756323;-76,94313923
86;PUTUMAYO;86568;PUERTO ASÍS;Municipio;0,433884539;-76,52158203
86;PUTUMAYO;86569;PUERTO CAICEDO;Municipio;0,70416861;-76,49864415
86;PUTUMAYO;86571;PUERTO GUZMÁN;Municipio;0,746432215;-75,88022979
86;PUTUMAYO;86573;PUERTO LEGUÍZAMO;Municipio;0,05947197;-75,06479327
86;PUTUMAYO;86749;SIBUNDOY;Municipio;1,228746922;-76,91307585
86;PUTUMAYO;86755;SAN FRANCISCO;Municipio;1,136071096;-76,84726661
86;PUTUMAYO;86757;SAN MIGUEL;Municipio;0,272449048;-76,84510459
86;PUTUMAYO;86760;SANTIAGO;Municipio;1,036021482;-76,97751684
86;PUTUMAYO;86865;VALLE DEL GUAMUEZ;Municipio;0,42012589;-76,77067026
86;PUTUMAYO;86885;VILLAGARZÓN;Municipio;0,911149515;-76,74495447
88;ARCHIPIÉLAGO DE SAN ANDRÉS, PROVIDENCIA Y SANTA CATALINA;88001;SAN ANDRÉS;Isla;12,54311512;-81,71762382
88;ARCHIPIÉLAGO DE SAN ANDRÉS, PROVIDENCIA Y SANTA CATALINA;88564;PROVIDENCIA;Municipio;13,3511096;-81,37388549
91;AMAZONAS;91001;LETICIA;Municipio;-3,530058784;-70,04513691
91;AMAZONAS;91263;EL ENCANTO;Área no municipalizada;-1,997234795;-72,72361566
91;AMAZONAS;91405;LA CHORRERA;Área no municipalizada;-1,509799605;-72,44442966
91;AMAZONAS;91407;LA PEDRERA;Área no municipalizada;-1,550256503;-69,94602815
91;AMAZONAS;91430;LA VICTORIA;Área no municipalizada;-0,125016381;-71,10487805
91;AMAZONAS;91460;MIRITÍ - PARANÁ;Área no municipalizada;-0,687037553;-71,1855046
91;AMAZONAS;91530;PUERTO ALEGRÍA;Área no municipalizada;-0,952145073;-73,75722748
91;AMAZONAS;91536;PUERTO ARICA;Área no municipalizada;-1,91085406;-71,1484049
91;AMAZONAS;91540;PUERTO NARIÑO;Municipio;-3,631323222;-70,47199039
91;AMAZONAS;91669;PUERTO SANTANDER;Área no municipalizada;-1,101032624;-71,93893358
91;AMAZONAS;91798;TARAPACÁ;Área no municipalizada;-2,451794264;-70,00651535
94;GUAINÍA;94001;INÍRIDA;Municipio;3,516363079;-68,00834728
94;GUAINÍA;94343;BARRANCOMINAS;Municipio;3,140558454;-69,69713423
94;GUAINÍA;94883;SAN FELIPE;Área no municipalizada;2,312179782;-67,52060569
94;GUAINÍA;94884;PUERTO COLOMBIA;Área no municipalizada;2,582829542;-68,25799033
94;GUAINÍA;94885;LA GUADALUPE;Área no municipalizada;1,404540273;-67,001518
94;GUAINÍA;94886;CACAHUAL;Área no municipalizada;3,38616245;-67,58507998
94;GUAINÍA;94887;PANA PANA;Área no municipalizada;1,981055294;-69,11440036
94;GUAINÍA;94888;MORICHAL;Área no municipalizada;2,421444806;-69,84001585
95;GUAVIARE;95001;SAN JOSÉ DEL GUAVIARE;Municipio;2,484286091;-71,91916993
95;GUAVIARE;95015;CALAMAR;Municipio;1,613634284;-73,0342639
95;GUAVIARE;95025;EL RETORNO;Municipio;2,143447362;-72,24364869
95;GUAVIARE;95200;MIRAFLORES;Municipio;1,363974932;-72,01810951
97;VAUPÉS;97001;MITÚ;Municipio;1,06148231;-70,46688401
97;VAUPÉS;97161;CARURÚ;Municipio;1,052762314;-71,33093035
97;VAUPÉS;97511;PACOA;Área no municipalizada;-0,00834364;-70,5433061
97;VAUPÉS;97666;TARAIRA;Municipio;-0,719822209;-69,90776202
97;VAUPÉS;97777;PAPUNAHUA;Área no municipalizada;1,569312273;-70,91166315
97;VAUPÉS;97889;YAVARATÉ;Área no municipalizada;0,833312241;-69,61867754
99;VICHADA;99001;PUERTO CARREÑO;Municipio;5,836529669;-68,14122234
99;VICHADA;99524;LA PRIMAVERA;Municipio;5,517593607;-69,62044054
99;VICHADA;99624;SANTA ROSALÍA;Municipio;4,968581012;-70,65997097
99;VICHADA;99773;CUMARIBO;Municipio;4,262454746;-69,52140484
